<?xml version="1.0" encoding="UTF-8"?>
<gpx version="1.1" creator="itinerary-optim" xmlns="http://www.topografix.com/GPX/1/1">
  <trk>
    <name>Variante +50 % de détour</name>
    <trkseg>
      <trkpt lat="48.902280" lon="2.462161"><ele>57.8</ele></trkpt>
      <trkpt lat="48.902232" lon="2.462183"><ele>57.9</ele></trkpt>
      <trkpt lat="48.902183" lon="2.462204"><ele>57.9</ele></trkpt>
      <trkpt lat="48.902172" lon="2.462210"><ele>57.9</ele></trkpt>
      <trkpt lat="48.902142" lon="2.462224"><ele>57.9</ele></trkpt>
      <trkpt lat="48.902126" lon="2.462231"><ele>57.9</ele></trkpt>
      <trkpt lat="48.902052" lon="2.462263"><ele>57.9</ele></trkpt>
      <trkpt lat="48.901978" lon="2.462296"><ele>57.8</ele></trkpt>
      <trkpt lat="48.901904" lon="2.462329"><ele>57.8</ele></trkpt>
      <trkpt lat="48.901830" lon="2.462361"><ele>57.8</ele></trkpt>
      <trkpt lat="48.901800" lon="2.462404"><ele>57.8</ele></trkpt>
      <trkpt lat="48.901768" lon="2.462448"><ele>57.8</ele></trkpt>
      <trkpt lat="48.901734" lon="2.462495"><ele>57.9</ele></trkpt>
      <trkpt lat="48.901688" lon="2.462563"><ele>57.9</ele></trkpt>
      <trkpt lat="48.901666" lon="2.462596"><ele>57.9</ele></trkpt>
      <trkpt lat="48.901606" lon="2.462686"><ele>58.0</ele></trkpt>
      <trkpt lat="48.901545" lon="2.462777"><ele>58.0</ele></trkpt>
      <trkpt lat="48.901496" lon="2.462851"><ele>58.0</ele></trkpt>
      <trkpt lat="48.901447" lon="2.462925"><ele>58.0</ele></trkpt>
      <trkpt lat="48.901426" lon="2.462955"><ele>58.0</ele></trkpt>
      <trkpt lat="48.901386" lon="2.463010"><ele>58.1</ele></trkpt>
      <trkpt lat="48.901369" lon="2.463078"><ele>58.1</ele></trkpt>
      <trkpt lat="48.901367" lon="2.463089"><ele>58.1</ele></trkpt>
      <trkpt lat="48.901362" lon="2.463107"><ele>58.1</ele></trkpt>
      <trkpt lat="48.901362" lon="2.463144"><ele>58.1</ele></trkpt>
      <trkpt lat="48.901385" lon="2.463268"><ele>58.0</ele></trkpt>
      <trkpt lat="48.901409" lon="2.463392"><ele>58.0</ele></trkpt>
      <trkpt lat="48.901432" lon="2.463516"><ele>57.9</ele></trkpt>
      <trkpt lat="48.901455" lon="2.463639"><ele>57.8</ele></trkpt>
      <trkpt lat="48.901478" lon="2.463763"><ele>57.7</ele></trkpt>
      <trkpt lat="48.901501" lon="2.463887"><ele>57.5</ele></trkpt>
      <trkpt lat="48.901510" lon="2.463937"><ele>57.4</ele></trkpt>
      <trkpt lat="48.901511" lon="2.463938"><ele>57.4</ele></trkpt>
      <trkpt lat="48.901523" lon="2.464007"><ele>57.3</ele></trkpt>
      <trkpt lat="48.901490" lon="2.464023"><ele>57.3</ele></trkpt>
      <trkpt lat="48.901485" lon="2.464025"><ele>57.3</ele></trkpt>
      <trkpt lat="48.901455" lon="2.464040"><ele>57.3</ele></trkpt>
      <trkpt lat="48.901382" lon="2.464075"><ele>57.3</ele></trkpt>
      <trkpt lat="48.901310" lon="2.464110"><ele>57.2</ele></trkpt>
      <trkpt lat="48.901238" lon="2.464145"><ele>57.1</ele></trkpt>
      <trkpt lat="48.901198" lon="2.464165"><ele>57.1</ele></trkpt>
      <trkpt lat="48.901126" lon="2.464199"><ele>57.0</ele></trkpt>
      <trkpt lat="48.901054" lon="2.464234"><ele>56.9</ele></trkpt>
      <trkpt lat="48.900982" lon="2.464269"><ele>56.7</ele></trkpt>
      <trkpt lat="48.900909" lon="2.464303"><ele>56.6</ele></trkpt>
      <trkpt lat="48.900870" lon="2.464368"><ele>56.5</ele></trkpt>
      <trkpt lat="48.900829" lon="2.464477"><ele>56.4</ele></trkpt>
      <trkpt lat="48.900787" lon="2.464585"><ele>56.4</ele></trkpt>
      <trkpt lat="48.900746" lon="2.464693"><ele>56.3</ele></trkpt>
      <trkpt lat="48.900710" lon="2.464786"><ele>56.3</ele></trkpt>
      <trkpt lat="48.900673" lon="2.464878"><ele>56.3</ele></trkpt>
      <trkpt lat="48.900637" lon="2.464971"><ele>56.2</ele></trkpt>
      <trkpt lat="48.900599" lon="2.465064"><ele>56.2</ele></trkpt>
      <trkpt lat="48.900561" lon="2.465158"><ele>56.1</ele></trkpt>
      <trkpt lat="48.900524" lon="2.465251"><ele>56.1</ele></trkpt>
      <trkpt lat="48.900486" lon="2.465345"><ele>56.1</ele></trkpt>
      <trkpt lat="48.900486" lon="2.465345"><ele>56.0</ele></trkpt>
      <trkpt lat="48.900466" lon="2.465389"><ele>56.0</ele></trkpt>
      <trkpt lat="48.900413" lon="2.465331"><ele>56.1</ele></trkpt>
      <trkpt lat="48.900359" lon="2.465273"><ele>56.1</ele></trkpt>
      <trkpt lat="48.900359" lon="2.465272"><ele>56.1</ele></trkpt>
      <trkpt lat="48.900289" lon="2.465191"><ele>56.2</ele></trkpt>
      <trkpt lat="48.900218" lon="2.465110"><ele>56.2</ele></trkpt>
      <trkpt lat="48.900148" lon="2.465029"><ele>56.2</ele></trkpt>
      <trkpt lat="48.900109" lon="2.464992"><ele>56.2</ele></trkpt>
      <trkpt lat="48.900077" lon="2.464960"><ele>56.2</ele></trkpt>
      <trkpt lat="48.900041" lon="2.464930"><ele>56.2</ele></trkpt>
      <trkpt lat="48.899998" lon="2.464891"><ele>56.2</ele></trkpt>
      <trkpt lat="48.899957" lon="2.464847"><ele>56.2</ele></trkpt>
      <trkpt lat="48.899894" lon="2.464777"><ele>56.2</ele></trkpt>
      <trkpt lat="48.899831" lon="2.464708"><ele>56.3</ele></trkpt>
      <trkpt lat="48.899768" lon="2.464638"><ele>56.3</ele></trkpt>
      <trkpt lat="48.899705" lon="2.464569"><ele>56.4</ele></trkpt>
      <trkpt lat="48.899642" lon="2.464499"><ele>56.4</ele></trkpt>
      <trkpt lat="48.899580" lon="2.464430"><ele>56.5</ele></trkpt>
      <trkpt lat="48.899517" lon="2.464360"><ele>56.5</ele></trkpt>
      <trkpt lat="48.899516" lon="2.464359"><ele>56.5</ele></trkpt>
      <trkpt lat="48.899456" lon="2.464294"><ele>56.5</ele></trkpt>
      <trkpt lat="48.899397" lon="2.464228"><ele>56.6</ele></trkpt>
      <trkpt lat="48.899338" lon="2.464163"><ele>56.6</ele></trkpt>
      <trkpt lat="48.899279" lon="2.464097"><ele>56.6</ele></trkpt>
      <trkpt lat="48.899220" lon="2.464032"><ele>56.6</ele></trkpt>
      <trkpt lat="48.899154" lon="2.463959"><ele>56.6</ele></trkpt>
      <trkpt lat="48.899089" lon="2.463885"><ele>56.6</ele></trkpt>
      <trkpt lat="48.899023" lon="2.463812"><ele>56.6</ele></trkpt>
      <trkpt lat="48.898957" lon="2.463739"><ele>56.7</ele></trkpt>
      <trkpt lat="48.898892" lon="2.463666"><ele>56.8</ele></trkpt>
      <trkpt lat="48.898826" lon="2.463592"><ele>56.9</ele></trkpt>
      <trkpt lat="48.898757" lon="2.463515"><ele>57.0</ele></trkpt>
      <trkpt lat="48.898688" lon="2.463438"><ele>57.3</ele></trkpt>
      <trkpt lat="48.898620" lon="2.463361"><ele>57.5</ele></trkpt>
      <trkpt lat="48.898551" lon="2.463284"><ele>57.8</ele></trkpt>
      <trkpt lat="48.898482" lon="2.463207"><ele>58.0</ele></trkpt>
      <trkpt lat="48.898413" lon="2.463130"><ele>58.3</ele></trkpt>
      <trkpt lat="48.898344" lon="2.463053"><ele>58.5</ele></trkpt>
      <trkpt lat="48.898275" lon="2.462976"><ele>58.6</ele></trkpt>
      <trkpt lat="48.898206" lon="2.462899"><ele>58.7</ele></trkpt>
      <trkpt lat="48.898137" lon="2.462822"><ele>58.8</ele></trkpt>
      <trkpt lat="48.898068" lon="2.462745"><ele>58.9</ele></trkpt>
      <trkpt lat="48.897999" lon="2.462668"><ele>58.9</ele></trkpt>
      <trkpt lat="48.897985" lon="2.462648"><ele>58.9</ele></trkpt>
      <trkpt lat="48.897981" lon="2.462644"><ele>58.9</ele></trkpt>
      <trkpt lat="48.897930" lon="2.462575"><ele>58.9</ele></trkpt>
      <trkpt lat="48.897878" lon="2.462507"><ele>58.8</ele></trkpt>
      <trkpt lat="48.897876" lon="2.462444"><ele>58.7</ele></trkpt>
      <trkpt lat="48.897859" lon="2.462388"><ele>58.6</ele></trkpt>
      <trkpt lat="48.897830" lon="2.462346"><ele>58.5</ele></trkpt>
      <trkpt lat="48.897793" lon="2.462323"><ele>58.5</ele></trkpt>
      <trkpt lat="48.897754" lon="2.462323"><ele>58.5</ele></trkpt>
      <trkpt lat="48.897752" lon="2.462322"><ele>58.5</ele></trkpt>
      <trkpt lat="48.897722" lon="2.462338"><ele>58.5</ele></trkpt>
      <trkpt lat="48.897697" lon="2.462367"><ele>58.5</ele></trkpt>
      <trkpt lat="48.897696" lon="2.462368"><ele>58.5</ele></trkpt>
      <trkpt lat="48.897688" lon="2.462381"><ele>58.6</ele></trkpt>
      <trkpt lat="48.897654" lon="2.462369"><ele>58.5</ele></trkpt>
      <trkpt lat="48.897654" lon="2.462369"><ele>58.5</ele></trkpt>
      <trkpt lat="48.897605" lon="2.462353"><ele>58.5</ele></trkpt>
      <trkpt lat="48.897557" lon="2.462337"><ele>58.5</ele></trkpt>
      <trkpt lat="48.897512" lon="2.462275"><ele>58.4</ele></trkpt>
      <trkpt lat="48.897468" lon="2.462212"><ele>58.3</ele></trkpt>
      <trkpt lat="48.897467" lon="2.462211"><ele>58.2</ele></trkpt>
      <trkpt lat="48.897408" lon="2.462138"><ele>58.2</ele></trkpt>
      <trkpt lat="48.897345" lon="2.462068"><ele>58.1</ele></trkpt>
      <trkpt lat="48.897283" lon="2.461998"><ele>58.0</ele></trkpt>
      <trkpt lat="48.897220" lon="2.461928"><ele>58.0</ele></trkpt>
      <trkpt lat="48.897158" lon="2.461859"><ele>58.0</ele></trkpt>
      <trkpt lat="48.897096" lon="2.461789"><ele>58.0</ele></trkpt>
      <trkpt lat="48.897030" lon="2.461710"><ele>58.0</ele></trkpt>
      <trkpt lat="48.896965" lon="2.461631"><ele>58.0</ele></trkpt>
      <trkpt lat="48.896899" lon="2.461552"><ele>58.0</ele></trkpt>
      <trkpt lat="48.896837" lon="2.461478"><ele>58.0</ele></trkpt>
      <trkpt lat="48.896774" lon="2.461404"><ele>58.0</ele></trkpt>
      <trkpt lat="48.896713" lon="2.461333"><ele>58.1</ele></trkpt>
      <trkpt lat="48.896652" lon="2.461263"><ele>58.3</ele></trkpt>
      <trkpt lat="48.896590" lon="2.461193"><ele>58.5</ele></trkpt>
      <trkpt lat="48.896529" lon="2.461122"><ele>58.6</ele></trkpt>
      <trkpt lat="48.896467" lon="2.461052"><ele>58.8</ele></trkpt>
      <trkpt lat="48.896406" lon="2.460982"><ele>59.0</ele></trkpt>
      <trkpt lat="48.896351" lon="2.460943"><ele>59.6</ele></trkpt>
      <trkpt lat="48.896318" lon="2.460917"><ele>59.8</ele></trkpt>
      <trkpt lat="48.896317" lon="2.460917"><ele>60.3</ele></trkpt>
      <trkpt lat="48.896252" lon="2.460875"><ele>60.5</ele></trkpt>
      <trkpt lat="48.896187" lon="2.460834"><ele>60.7</ele></trkpt>
      <trkpt lat="48.896153" lon="2.460818"><ele>60.9</ele></trkpt>
      <trkpt lat="48.896124" lon="2.460787"><ele>61.1</ele></trkpt>
      <trkpt lat="48.896079" lon="2.460685"><ele>61.7</ele></trkpt>
      <trkpt lat="48.896022" lon="2.460789"><ele>62.1</ele></trkpt>
      <trkpt lat="48.896022" lon="2.460789"><ele>62.2</ele></trkpt>
      <trkpt lat="48.895993" lon="2.460841"><ele>62.2</ele></trkpt>
      <trkpt lat="48.895951" lon="2.460908"><ele>62.6</ele></trkpt>
      <trkpt lat="48.895910" lon="2.460975"><ele>62.7</ele></trkpt>
      <trkpt lat="48.895869" lon="2.461043"><ele>62.8</ele></trkpt>
      <trkpt lat="48.895830" lon="2.461107"><ele>62.9</ele></trkpt>
      <trkpt lat="48.895792" lon="2.461172"><ele>62.9</ele></trkpt>
      <trkpt lat="48.895753" lon="2.461266"><ele>62.9</ele></trkpt>
      <trkpt lat="48.895715" lon="2.461360"><ele>62.9</ele></trkpt>
      <trkpt lat="48.895712" lon="2.461369"><ele>62.8</ele></trkpt>
      <trkpt lat="48.895652" lon="2.461466"><ele>62.8</ele></trkpt>
      <trkpt lat="48.895592" lon="2.461564"><ele>62.7</ele></trkpt>
      <trkpt lat="48.895532" lon="2.461661"><ele>62.6</ele></trkpt>
      <trkpt lat="48.895472" lon="2.461759"><ele>62.6</ele></trkpt>
      <trkpt lat="48.895412" lon="2.461856"><ele>62.5</ele></trkpt>
      <trkpt lat="48.895352" lon="2.461953"><ele>62.6</ele></trkpt>
      <trkpt lat="48.895292" lon="2.462051"><ele>62.6</ele></trkpt>
      <trkpt lat="48.895232" lon="2.462148"><ele>62.7</ele></trkpt>
      <trkpt lat="48.895185" lon="2.462225"><ele>62.9</ele></trkpt>
      <trkpt lat="48.895138" lon="2.462302"><ele>63.0</ele></trkpt>
      <trkpt lat="48.895106" lon="2.462363"><ele>63.1</ele></trkpt>
      <trkpt lat="48.895074" lon="2.462423"><ele>63.2</ele></trkpt>
      <trkpt lat="48.895072" lon="2.462426"><ele>63.4</ele></trkpt>
      <trkpt lat="48.895013" lon="2.462520"><ele>63.6</ele></trkpt>
      <trkpt lat="48.894953" lon="2.462614"><ele>63.8</ele></trkpt>
      <trkpt lat="48.894894" lon="2.462708"><ele>64.1</ele></trkpt>
      <trkpt lat="48.894834" lon="2.462802"><ele>64.3</ele></trkpt>
      <trkpt lat="48.894775" lon="2.462897"><ele>64.4</ele></trkpt>
      <trkpt lat="48.894750" lon="2.462938"><ele>64.6</ele></trkpt>
      <trkpt lat="48.894750" lon="2.462939"><ele>64.7</ele></trkpt>
      <trkpt lat="48.894690" lon="2.463040"><ele>65.0</ele></trkpt>
      <trkpt lat="48.894629" lon="2.463141"><ele>65.2</ele></trkpt>
      <trkpt lat="48.894569" lon="2.463242"><ele>65.5</ele></trkpt>
      <trkpt lat="48.894509" lon="2.463343"><ele>65.7</ele></trkpt>
      <trkpt lat="48.894449" lon="2.463444"><ele>65.9</ele></trkpt>
      <trkpt lat="48.894389" lon="2.463545"><ele>66.0</ele></trkpt>
      <trkpt lat="48.894329" lon="2.463646"><ele>66.0</ele></trkpt>
      <trkpt lat="48.894326" lon="2.463650"><ele>66.0</ele></trkpt>
      <trkpt lat="48.894267" lon="2.463743"><ele>66.0</ele></trkpt>
      <trkpt lat="48.894208" lon="2.463837"><ele>65.9</ele></trkpt>
      <trkpt lat="48.894148" lon="2.463930"><ele>65.7</ele></trkpt>
      <trkpt lat="48.894089" lon="2.464023"><ele>65.5</ele></trkpt>
      <trkpt lat="48.894030" lon="2.464116"><ele>65.4</ele></trkpt>
      <trkpt lat="48.893971" lon="2.464210"><ele>65.2</ele></trkpt>
      <trkpt lat="48.893911" lon="2.464303"><ele>65.1</ele></trkpt>
      <trkpt lat="48.893860" lon="2.464385"><ele>65.0</ele></trkpt>
      <trkpt lat="48.893809" lon="2.464467"><ele>64.9</ele></trkpt>
      <trkpt lat="48.893758" lon="2.464549"><ele>64.9</ele></trkpt>
      <trkpt lat="48.893758" lon="2.464549"><ele>64.9</ele></trkpt>
      <trkpt lat="48.893723" lon="2.464605"><ele>64.8</ele></trkpt>
      <trkpt lat="48.893690" lon="2.464660"><ele>64.8</ele></trkpt>
      <trkpt lat="48.893657" lon="2.464714"><ele>64.8</ele></trkpt>
      <trkpt lat="48.893624" lon="2.464771"><ele>64.7</ele></trkpt>
      <trkpt lat="48.893624" lon="2.464771"><ele>64.7</ele></trkpt>
      <trkpt lat="48.893565" lon="2.464871"><ele>64.6</ele></trkpt>
      <trkpt lat="48.893506" lon="2.464971"><ele>64.5</ele></trkpt>
      <trkpt lat="48.893448" lon="2.465072"><ele>64.4</ele></trkpt>
      <trkpt lat="48.893391" lon="2.465165"><ele>64.1</ele></trkpt>
      <trkpt lat="48.893333" lon="2.465258"><ele>63.8</ele></trkpt>
      <trkpt lat="48.893276" lon="2.465351"><ele>63.5</ele></trkpt>
      <trkpt lat="48.893219" lon="2.465445"><ele>63.2</ele></trkpt>
      <trkpt lat="48.893162" lon="2.465538"><ele>63.0</ele></trkpt>
      <trkpt lat="48.893104" lon="2.465631"><ele>62.7</ele></trkpt>
      <trkpt lat="48.893047" lon="2.465724"><ele>62.4</ele></trkpt>
      <trkpt lat="48.892990" lon="2.465818"><ele>62.2</ele></trkpt>
      <trkpt lat="48.892933" lon="2.465911"><ele>62.1</ele></trkpt>
      <trkpt lat="48.892875" lon="2.466004"><ele>61.9</ele></trkpt>
      <trkpt lat="48.892815" lon="2.466101"><ele>61.8</ele></trkpt>
      <trkpt lat="48.892755" lon="2.466197"><ele>61.8</ele></trkpt>
      <trkpt lat="48.892695" lon="2.466293"><ele>61.7</ele></trkpt>
      <trkpt lat="48.892635" lon="2.466390"><ele>61.6</ele></trkpt>
      <trkpt lat="48.892575" lon="2.466486"><ele>61.6</ele></trkpt>
      <trkpt lat="48.892515" lon="2.466583"><ele>61.6</ele></trkpt>
      <trkpt lat="48.892454" lon="2.466679"><ele>61.5</ele></trkpt>
      <trkpt lat="48.892394" lon="2.466776"><ele>61.5</ele></trkpt>
      <trkpt lat="48.892334" lon="2.466872"><ele>61.5</ele></trkpt>
      <trkpt lat="48.892304" lon="2.466925"><ele>61.5</ele></trkpt>
      <trkpt lat="48.892260" lon="2.466997"><ele>61.6</ele></trkpt>
      <trkpt lat="48.892215" lon="2.467069"><ele>61.6</ele></trkpt>
      <trkpt lat="48.892171" lon="2.467141"><ele>61.6</ele></trkpt>
      <trkpt lat="48.892171" lon="2.467141"><ele>61.6</ele></trkpt>
      <trkpt lat="48.892132" lon="2.467205"><ele>61.7</ele></trkpt>
      <trkpt lat="48.892102" lon="2.467171"><ele>61.6</ele></trkpt>
      <trkpt lat="48.892065" lon="2.467155"><ele>61.6</ele></trkpt>
      <trkpt lat="48.892038" lon="2.467157"><ele>61.6</ele></trkpt>
      <trkpt lat="48.892012" lon="2.467169"><ele>61.6</ele></trkpt>
      <trkpt lat="48.891990" lon="2.467190"><ele>61.6</ele></trkpt>
      <trkpt lat="48.891971" lon="2.467220"><ele>61.6</ele></trkpt>
      <trkpt lat="48.891958" lon="2.467257"><ele>61.7</ele></trkpt>
      <trkpt lat="48.891952" lon="2.467299"><ele>61.7</ele></trkpt>
      <trkpt lat="48.891953" lon="2.467341"><ele>61.7</ele></trkpt>
      <trkpt lat="48.891962" lon="2.467382"><ele>61.7</ele></trkpt>
      <trkpt lat="48.891977" lon="2.467417"><ele>61.7</ele></trkpt>
      <trkpt lat="48.891946" lon="2.467460"><ele>61.6</ele></trkpt>
      <trkpt lat="48.891946" lon="2.467460"><ele>61.6</ele></trkpt>
      <trkpt lat="48.891882" lon="2.467544"><ele>61.6</ele></trkpt>
      <trkpt lat="48.891818" lon="2.467628"><ele>61.6</ele></trkpt>
      <trkpt lat="48.891755" lon="2.467712"><ele>61.5</ele></trkpt>
      <trkpt lat="48.891691" lon="2.467796"><ele>61.5</ele></trkpt>
      <trkpt lat="48.891627" lon="2.467881"><ele>61.6</ele></trkpt>
      <trkpt lat="48.891564" lon="2.467965"><ele>61.6</ele></trkpt>
      <trkpt lat="48.891500" lon="2.468049"><ele>61.7</ele></trkpt>
      <trkpt lat="48.891436" lon="2.468133"><ele>61.8</ele></trkpt>
      <trkpt lat="48.891372" lon="2.468217"><ele>61.9</ele></trkpt>
      <trkpt lat="48.891326" lon="2.468276"><ele>62.0</ele></trkpt>
      <trkpt lat="48.891280" lon="2.468335"><ele>62.0</ele></trkpt>
      <trkpt lat="48.891234" lon="2.468395"><ele>62.0</ele></trkpt>
      <trkpt lat="48.891171" lon="2.468479"><ele>62.0</ele></trkpt>
      <trkpt lat="48.891108" lon="2.468562"><ele>62.1</ele></trkpt>
      <trkpt lat="48.891044" lon="2.468646"><ele>62.1</ele></trkpt>
      <trkpt lat="48.890981" lon="2.468730"><ele>62.1</ele></trkpt>
      <trkpt lat="48.890917" lon="2.468814"><ele>62.1</ele></trkpt>
      <trkpt lat="48.890854" lon="2.468898"><ele>62.1</ele></trkpt>
      <trkpt lat="48.890791" lon="2.468981"><ele>62.2</ele></trkpt>
      <trkpt lat="48.890727" lon="2.469065"><ele>62.2</ele></trkpt>
      <trkpt lat="48.890664" lon="2.469149"><ele>62.3</ele></trkpt>
      <trkpt lat="48.890600" lon="2.469233"><ele>62.4</ele></trkpt>
      <trkpt lat="48.890537" lon="2.469317"><ele>62.5</ele></trkpt>
      <trkpt lat="48.890474" lon="2.469401"><ele>62.6</ele></trkpt>
      <trkpt lat="48.890410" lon="2.469484"><ele>62.7</ele></trkpt>
      <trkpt lat="48.890347" lon="2.469568"><ele>62.7</ele></trkpt>
      <trkpt lat="48.890346" lon="2.469569"><ele>62.8</ele></trkpt>
      <trkpt lat="48.890292" lon="2.469641"><ele>62.8</ele></trkpt>
      <trkpt lat="48.890237" lon="2.469714"><ele>62.9</ele></trkpt>
      <trkpt lat="48.890182" lon="2.469787"><ele>63.0</ele></trkpt>
      <trkpt lat="48.890128" lon="2.469860"><ele>63.1</ele></trkpt>
      <trkpt lat="48.890066" lon="2.469939"><ele>63.4</ele></trkpt>
      <trkpt lat="48.890005" lon="2.470017"><ele>63.6</ele></trkpt>
      <trkpt lat="48.889944" lon="2.470096"><ele>63.7</ele></trkpt>
      <trkpt lat="48.889883" lon="2.470175"><ele>63.9</ele></trkpt>
      <trkpt lat="48.889821" lon="2.470254"><ele>64.1</ele></trkpt>
      <trkpt lat="48.889760" lon="2.470333"><ele>64.3</ele></trkpt>
      <trkpt lat="48.889699" lon="2.470411"><ele>64.4</ele></trkpt>
      <trkpt lat="48.889638" lon="2.470490"><ele>64.5</ele></trkpt>
      <trkpt lat="48.889592" lon="2.470553"><ele>64.5</ele></trkpt>
      <trkpt lat="48.889546" lon="2.470615"><ele>64.6</ele></trkpt>
      <trkpt lat="48.889500" lon="2.470678"><ele>64.6</ele></trkpt>
      <trkpt lat="48.889499" lon="2.470679"><ele>64.6</ele></trkpt>
      <trkpt lat="48.889441" lon="2.470756"><ele>64.7</ele></trkpt>
      <trkpt lat="48.889383" lon="2.470833"><ele>64.7</ele></trkpt>
      <trkpt lat="48.889347" lon="2.470885"><ele>64.7</ele></trkpt>
      <trkpt lat="48.889312" lon="2.470936"><ele>64.7</ele></trkpt>
      <trkpt lat="48.889292" lon="2.470959"><ele>64.7</ele></trkpt>
      <trkpt lat="48.889289" lon="2.470962"><ele>64.7</ele></trkpt>
      <trkpt lat="48.889249" lon="2.471006"><ele>64.7</ele></trkpt>
      <trkpt lat="48.889209" lon="2.471051"><ele>64.7</ele></trkpt>
      <trkpt lat="48.889126" lon="2.471009"><ele>64.8</ele></trkpt>
      <trkpt lat="48.889046" lon="2.471011"><ele>64.9</ele></trkpt>
      <trkpt lat="48.889007" lon="2.471065"><ele>64.9</ele></trkpt>
      <trkpt lat="48.888968" lon="2.471119"><ele>64.9</ele></trkpt>
      <trkpt lat="48.888923" lon="2.471157"><ele>64.8</ele></trkpt>
      <trkpt lat="48.888877" lon="2.471194"><ele>64.8</ele></trkpt>
      <trkpt lat="48.888795" lon="2.471179"><ele>64.8</ele></trkpt>
      <trkpt lat="48.888713" lon="2.471163"><ele>64.8</ele></trkpt>
      <trkpt lat="48.888630" lon="2.471148"><ele>64.8</ele></trkpt>
      <trkpt lat="48.888543" lon="2.471124"><ele>64.8</ele></trkpt>
      <trkpt lat="48.888456" lon="2.471101"><ele>64.9</ele></trkpt>
      <trkpt lat="48.888369" lon="2.471078"><ele>64.9</ele></trkpt>
      <trkpt lat="48.888282" lon="2.471054"><ele>64.9</ele></trkpt>
      <trkpt lat="48.888273" lon="2.471051"><ele>64.9</ele></trkpt>
      <trkpt lat="48.888207" lon="2.471031"><ele>64.9</ele></trkpt>
      <trkpt lat="48.888141" lon="2.471011"><ele>64.9</ele></trkpt>
      <trkpt lat="48.888069" lon="2.470982"><ele>64.9</ele></trkpt>
      <trkpt lat="48.887996" lon="2.470954"><ele>65.0</ele></trkpt>
      <trkpt lat="48.887934" lon="2.470923"><ele>65.0</ele></trkpt>
      <trkpt lat="48.887871" lon="2.470893"><ele>65.0</ele></trkpt>
      <trkpt lat="48.887809" lon="2.470862"><ele>65.0</ele></trkpt>
      <trkpt lat="48.887798" lon="2.470857"><ele>65.0</ele></trkpt>
      <trkpt lat="48.887716" lon="2.470817"><ele>65.0</ele></trkpt>
      <trkpt lat="48.887634" lon="2.470777"><ele>65.0</ele></trkpt>
      <trkpt lat="48.887552" lon="2.470737"><ele>64.9</ele></trkpt>
      <trkpt lat="48.887470" lon="2.470697"><ele>64.9</ele></trkpt>
      <trkpt lat="48.887388" lon="2.470657"><ele>64.9</ele></trkpt>
      <trkpt lat="48.887306" lon="2.470616"><ele>64.9</ele></trkpt>
      <trkpt lat="48.887301" lon="2.470614"><ele>64.9</ele></trkpt>
      <trkpt lat="48.887233" lon="2.470581"><ele>64.9</ele></trkpt>
      <trkpt lat="48.887166" lon="2.470548"><ele>64.9</ele></trkpt>
      <trkpt lat="48.887098" lon="2.470515"><ele>64.9</ele></trkpt>
      <trkpt lat="48.887030" lon="2.470482"><ele>64.9</ele></trkpt>
      <trkpt lat="48.887002" lon="2.470468"><ele>65.0</ele></trkpt>
      <trkpt lat="48.886984" lon="2.470460"><ele>65.0</ele></trkpt>
      <trkpt lat="48.886957" lon="2.470445"><ele>65.0</ele></trkpt>
      <trkpt lat="48.886957" lon="2.470445"><ele>65.0</ele></trkpt>
      <trkpt lat="48.886891" lon="2.470417"><ele>65.0</ele></trkpt>
      <trkpt lat="48.886826" lon="2.470389"><ele>65.1</ele></trkpt>
      <trkpt lat="48.886756" lon="2.470455"><ele>65.3</ele></trkpt>
      <trkpt lat="48.886729" lon="2.470581"><ele>65.5</ele></trkpt>
      <trkpt lat="48.886703" lon="2.470706"><ele>65.7</ele></trkpt>
      <trkpt lat="48.886677" lon="2.470832"><ele>65.8</ele></trkpt>
      <trkpt lat="48.886651" lon="2.470957"><ele>66.0</ele></trkpt>
      <trkpt lat="48.886624" lon="2.471082"><ele>66.1</ele></trkpt>
      <trkpt lat="48.886598" lon="2.471208"><ele>66.2</ele></trkpt>
      <trkpt lat="48.886589" lon="2.471310"><ele>66.3</ele></trkpt>
      <trkpt lat="48.886579" lon="2.471412"><ele>66.3</ele></trkpt>
      <trkpt lat="48.886579" lon="2.471420"><ele>66.4</ele></trkpt>
      <trkpt lat="48.886572" lon="2.471490"><ele>66.4</ele></trkpt>
      <trkpt lat="48.886566" lon="2.471560"><ele>66.4</ele></trkpt>
      <trkpt lat="48.886559" lon="2.471615"><ele>66.4</ele></trkpt>
      <trkpt lat="48.886558" lon="2.471627"><ele>66.4</ele></trkpt>
      <trkpt lat="48.886544" lon="2.471699"><ele>66.4</ele></trkpt>
      <trkpt lat="48.886505" lon="2.471806"><ele>66.4</ele></trkpt>
      <trkpt lat="48.886475" lon="2.471881"><ele>66.4</ele></trkpt>
      <trkpt lat="48.886446" lon="2.471955"><ele>66.3</ele></trkpt>
      <trkpt lat="48.886383" lon="2.472011"><ele>66.4</ele></trkpt>
      <trkpt lat="48.886321" lon="2.472066"><ele>66.5</ele></trkpt>
      <trkpt lat="48.886259" lon="2.472121"><ele>66.7</ele></trkpt>
      <trkpt lat="48.886199" lon="2.472171"><ele>66.8</ele></trkpt>
      <trkpt lat="48.886139" lon="2.472220"><ele>66.9</ele></trkpt>
      <trkpt lat="48.886074" lon="2.472274"><ele>67.2</ele></trkpt>
      <trkpt lat="48.886009" lon="2.472329"><ele>67.3</ele></trkpt>
      <trkpt lat="48.885944" lon="2.472383"><ele>67.5</ele></trkpt>
      <trkpt lat="48.885874" lon="2.472447"><ele>67.6</ele></trkpt>
      <trkpt lat="48.885804" lon="2.472510"><ele>67.7</ele></trkpt>
      <trkpt lat="48.885733" lon="2.472573"><ele>67.7</ele></trkpt>
      <trkpt lat="48.885663" lon="2.472637"><ele>67.7</ele></trkpt>
      <trkpt lat="48.885593" lon="2.472700"><ele>67.6</ele></trkpt>
      <trkpt lat="48.885522" lon="2.472764"><ele>67.5</ele></trkpt>
      <trkpt lat="48.885452" lon="2.472827"><ele>67.3</ele></trkpt>
      <trkpt lat="48.885384" lon="2.472887"><ele>67.1</ele></trkpt>
      <trkpt lat="48.885316" lon="2.472947"><ele>67.0</ele></trkpt>
      <trkpt lat="48.885249" lon="2.473008"><ele>66.8</ele></trkpt>
      <trkpt lat="48.885181" lon="2.473068"><ele>66.6</ele></trkpt>
      <trkpt lat="48.885113" lon="2.473128"><ele>66.5</ele></trkpt>
      <trkpt lat="48.885064" lon="2.473181"><ele>66.4</ele></trkpt>
      <trkpt lat="48.885016" lon="2.473235"><ele>66.3</ele></trkpt>
      <trkpt lat="48.884964" lon="2.473287"><ele>66.3</ele></trkpt>
      <trkpt lat="48.884911" lon="2.473339"><ele>66.2</ele></trkpt>
      <trkpt lat="48.884859" lon="2.473391"><ele>66.2</ele></trkpt>
      <trkpt lat="48.884813" lon="2.473442"><ele>66.2</ele></trkpt>
      <trkpt lat="48.884766" lon="2.473494"><ele>66.2</ele></trkpt>
      <trkpt lat="48.884706" lon="2.473551"><ele>66.2</ele></trkpt>
      <trkpt lat="48.884647" lon="2.473609"><ele>66.3</ele></trkpt>
      <trkpt lat="48.884587" lon="2.473666"><ele>66.3</ele></trkpt>
      <trkpt lat="48.884509" lon="2.473730"><ele>66.4</ele></trkpt>
      <trkpt lat="48.884431" lon="2.473795"><ele>66.6</ele></trkpt>
      <trkpt lat="48.884354" lon="2.473859"><ele>66.7</ele></trkpt>
      <trkpt lat="48.884276" lon="2.473924"><ele>66.9</ele></trkpt>
      <trkpt lat="48.884198" lon="2.473988"><ele>67.1</ele></trkpt>
      <trkpt lat="48.884120" lon="2.474052"><ele>67.3</ele></trkpt>
      <trkpt lat="48.884043" lon="2.474117"><ele>67.5</ele></trkpt>
      <trkpt lat="48.884042" lon="2.474117"><ele>67.6</ele></trkpt>
      <trkpt lat="48.883976" lon="2.474174"><ele>67.7</ele></trkpt>
      <trkpt lat="48.883909" lon="2.474231"><ele>67.8</ele></trkpt>
      <trkpt lat="48.883854" lon="2.474276"><ele>68.0</ele></trkpt>
      <trkpt lat="48.883798" lon="2.474321"><ele>68.0</ele></trkpt>
      <trkpt lat="48.883742" lon="2.474365"><ele>68.1</ele></trkpt>
      <trkpt lat="48.883740" lon="2.474367"><ele>68.1</ele></trkpt>
      <trkpt lat="48.883687" lon="2.474411"><ele>68.1</ele></trkpt>
      <trkpt lat="48.883615" lon="2.474478"><ele>68.0</ele></trkpt>
      <trkpt lat="48.883544" lon="2.474545"><ele>68.0</ele></trkpt>
      <trkpt lat="48.883481" lon="2.474616"><ele>67.8</ele></trkpt>
      <trkpt lat="48.883419" lon="2.474687"><ele>67.6</ele></trkpt>
      <trkpt lat="48.883356" lon="2.474758"><ele>67.4</ele></trkpt>
      <trkpt lat="48.883294" lon="2.474829"><ele>67.3</ele></trkpt>
      <trkpt lat="48.883223" lon="2.474886"><ele>67.1</ele></trkpt>
      <trkpt lat="48.883152" lon="2.474944"><ele>67.0</ele></trkpt>
      <trkpt lat="48.883081" lon="2.475002"><ele>66.9</ele></trkpt>
      <trkpt lat="48.883010" lon="2.475059"><ele>66.9</ele></trkpt>
      <trkpt lat="48.882941" lon="2.475127"><ele>66.9</ele></trkpt>
      <trkpt lat="48.882872" lon="2.475194"><ele>67.0</ele></trkpt>
      <trkpt lat="48.882804" lon="2.475261"><ele>67.1</ele></trkpt>
      <trkpt lat="48.882735" lon="2.475328"><ele>67.2</ele></trkpt>
      <trkpt lat="48.882663" lon="2.475389"><ele>67.3</ele></trkpt>
      <trkpt lat="48.882592" lon="2.475449"><ele>67.4</ele></trkpt>
      <trkpt lat="48.882520" lon="2.475510"><ele>67.5</ele></trkpt>
      <trkpt lat="48.882448" lon="2.475570"><ele>67.5</ele></trkpt>
      <trkpt lat="48.882377" lon="2.475630"><ele>67.4</ele></trkpt>
      <trkpt lat="48.882305" lon="2.475691"><ele>67.4</ele></trkpt>
      <trkpt lat="48.882233" lon="2.475751"><ele>67.4</ele></trkpt>
      <trkpt lat="48.882161" lon="2.475811"><ele>67.3</ele></trkpt>
      <trkpt lat="48.882090" lon="2.475872"><ele>67.3</ele></trkpt>
      <trkpt lat="48.882018" lon="2.475932"><ele>67.2</ele></trkpt>
      <trkpt lat="48.881953" lon="2.475988"><ele>67.1</ele></trkpt>
      <trkpt lat="48.881888" lon="2.476045"><ele>67.1</ele></trkpt>
      <trkpt lat="48.881822" lon="2.476101"><ele>67.0</ele></trkpt>
      <trkpt lat="48.881757" lon="2.476157"><ele>67.0</ele></trkpt>
      <trkpt lat="48.881692" lon="2.476214"><ele>67.0</ele></trkpt>
      <trkpt lat="48.881626" lon="2.476270"><ele>67.0</ele></trkpt>
      <trkpt lat="48.881548" lon="2.476337"><ele>67.0</ele></trkpt>
      <trkpt lat="48.881470" lon="2.476403"><ele>67.1</ele></trkpt>
      <trkpt lat="48.881392" lon="2.476469"><ele>67.1</ele></trkpt>
      <trkpt lat="48.881314" lon="2.476536"><ele>67.2</ele></trkpt>
      <trkpt lat="48.881235" lon="2.476602"><ele>67.2</ele></trkpt>
      <trkpt lat="48.881157" lon="2.476668"><ele>67.2</ele></trkpt>
      <trkpt lat="48.881079" lon="2.476735"><ele>67.2</ele></trkpt>
      <trkpt lat="48.881001" lon="2.476801"><ele>67.1</ele></trkpt>
      <trkpt lat="48.880923" lon="2.476867"><ele>67.0</ele></trkpt>
      <trkpt lat="48.880844" lon="2.476934"><ele>66.9</ele></trkpt>
      <trkpt lat="48.880774" lon="2.476992"><ele>66.8</ele></trkpt>
      <trkpt lat="48.880703" lon="2.477051"><ele>66.7</ele></trkpt>
      <trkpt lat="48.880651" lon="2.477098"><ele>66.6</ele></trkpt>
      <trkpt lat="48.880600" lon="2.477145"><ele>66.5</ele></trkpt>
      <trkpt lat="48.880533" lon="2.477194"><ele>66.4</ele></trkpt>
      <trkpt lat="48.880467" lon="2.477243"><ele>66.3</ele></trkpt>
      <trkpt lat="48.880400" lon="2.477291"><ele>66.2</ele></trkpt>
      <trkpt lat="48.880334" lon="2.477340"><ele>66.2</ele></trkpt>
      <trkpt lat="48.880267" lon="2.477389"><ele>66.1</ele></trkpt>
      <trkpt lat="48.880266" lon="2.477390"><ele>66.1</ele></trkpt>
      <trkpt lat="48.880206" lon="2.477422"><ele>66.1</ele></trkpt>
      <trkpt lat="48.880203" lon="2.477424"><ele>66.1</ele></trkpt>
      <trkpt lat="48.880130" lon="2.477491"><ele>66.1</ele></trkpt>
      <trkpt lat="48.880058" lon="2.477558"><ele>66.1</ele></trkpt>
      <trkpt lat="48.880014" lon="2.477594"><ele>66.1</ele></trkpt>
      <trkpt lat="48.879969" lon="2.477631"><ele>66.1</ele></trkpt>
      <trkpt lat="48.879903" lon="2.477692"><ele>66.1</ele></trkpt>
      <trkpt lat="48.879836" lon="2.477754"><ele>66.1</ele></trkpt>
      <trkpt lat="48.879770" lon="2.477816"><ele>66.1</ele></trkpt>
      <trkpt lat="48.879703" lon="2.477878"><ele>66.1</ele></trkpt>
      <trkpt lat="48.879703" lon="2.477878"><ele>66.1</ele></trkpt>
      <trkpt lat="48.879636" lon="2.477938"><ele>66.1</ele></trkpt>
      <trkpt lat="48.879611" lon="2.477961"><ele>66.1</ele></trkpt>
      <trkpt lat="48.879611" lon="2.477962"><ele>66.1</ele></trkpt>
      <trkpt lat="48.879539" lon="2.478032"><ele>66.1</ele></trkpt>
      <trkpt lat="48.879479" lon="2.478083"><ele>66.1</ele></trkpt>
      <trkpt lat="48.879420" lon="2.478134"><ele>66.1</ele></trkpt>
      <trkpt lat="48.879360" lon="2.478185"><ele>66.1</ele></trkpt>
      <trkpt lat="48.879299" lon="2.478238"><ele>66.1</ele></trkpt>
      <trkpt lat="48.879238" lon="2.478291"><ele>66.1</ele></trkpt>
      <trkpt lat="48.879177" lon="2.478344"><ele>66.1</ele></trkpt>
      <trkpt lat="48.879117" lon="2.478397"><ele>66.1</ele></trkpt>
      <trkpt lat="48.879098" lon="2.478413"><ele>66.1</ele></trkpt>
      <trkpt lat="48.879082" lon="2.478429"><ele>66.1</ele></trkpt>
      <trkpt lat="48.879080" lon="2.478431"><ele>66.1</ele></trkpt>
      <trkpt lat="48.879035" lon="2.478469"><ele>66.1</ele></trkpt>
      <trkpt lat="48.878991" lon="2.478506"><ele>66.1</ele></trkpt>
      <trkpt lat="48.878989" lon="2.478509"><ele>66.0</ele></trkpt>
      <trkpt lat="48.878936" lon="2.478553"><ele>66.0</ele></trkpt>
      <trkpt lat="48.878883" lon="2.478598"><ele>66.0</ele></trkpt>
      <trkpt lat="48.878862" lon="2.478617"><ele>65.9</ele></trkpt>
      <trkpt lat="48.878785" lon="2.478682"><ele>65.9</ele></trkpt>
      <trkpt lat="48.878708" lon="2.478747"><ele>65.8</ele></trkpt>
      <trkpt lat="48.878631" lon="2.478813"><ele>65.7</ele></trkpt>
      <trkpt lat="48.878554" lon="2.478878"><ele>65.6</ele></trkpt>
      <trkpt lat="48.878477" lon="2.478943"><ele>65.6</ele></trkpt>
      <trkpt lat="48.878432" lon="2.478983"><ele>65.6</ele></trkpt>
      <trkpt lat="48.878386" lon="2.479022"><ele>65.5</ele></trkpt>
      <trkpt lat="48.878385" lon="2.479024"><ele>65.5</ele></trkpt>
      <trkpt lat="48.878308" lon="2.479088"><ele>65.5</ele></trkpt>
      <trkpt lat="48.878231" lon="2.479153"><ele>65.4</ele></trkpt>
      <trkpt lat="48.878154" lon="2.479218"><ele>65.4</ele></trkpt>
      <trkpt lat="48.878104" lon="2.479227"><ele>65.5</ele></trkpt>
      <trkpt lat="48.878054" lon="2.479237"><ele>65.5</ele></trkpt>
      <trkpt lat="48.877971" lon="2.479253"><ele>65.5</ele></trkpt>
      <trkpt lat="48.877888" lon="2.479268"><ele>65.6</ele></trkpt>
      <trkpt lat="48.877828" lon="2.479293"><ele>65.7</ele></trkpt>
      <trkpt lat="48.877769" lon="2.479318"><ele>65.7</ele></trkpt>
      <trkpt lat="48.877700" lon="2.479397"><ele>65.8</ele></trkpt>
      <trkpt lat="48.877632" lon="2.479476"><ele>65.8</ele></trkpt>
      <trkpt lat="48.877606" lon="2.479506"><ele>65.9</ele></trkpt>
      <trkpt lat="48.877604" lon="2.479507"><ele>65.9</ele></trkpt>
      <trkpt lat="48.877591" lon="2.479522"><ele>65.9</ele></trkpt>
      <trkpt lat="48.877546" lon="2.479582"><ele>65.9</ele></trkpt>
      <trkpt lat="48.877501" lon="2.479641"><ele>66.0</ele></trkpt>
      <trkpt lat="48.877462" lon="2.479729"><ele>66.0</ele></trkpt>
      <trkpt lat="48.877424" lon="2.479818"><ele>66.1</ele></trkpt>
      <trkpt lat="48.877385" lon="2.479906"><ele>66.1</ele></trkpt>
      <trkpt lat="48.877316" lon="2.479966"><ele>66.3</ele></trkpt>
      <trkpt lat="48.877315" lon="2.479967"><ele>66.4</ele></trkpt>
      <trkpt lat="48.877237" lon="2.480029"><ele>66.5</ele></trkpt>
      <trkpt lat="48.877159" lon="2.480090"><ele>66.6</ele></trkpt>
      <trkpt lat="48.877081" lon="2.480152"><ele>66.8</ele></trkpt>
      <trkpt lat="48.877018" lon="2.480198"><ele>67.0</ele></trkpt>
      <trkpt lat="48.876954" lon="2.480243"><ele>67.1</ele></trkpt>
      <trkpt lat="48.876882" lon="2.480305"><ele>67.5</ele></trkpt>
      <trkpt lat="48.876810" lon="2.480367"><ele>67.7</ele></trkpt>
      <trkpt lat="48.876738" lon="2.480429"><ele>68.0</ele></trkpt>
      <trkpt lat="48.876666" lon="2.480491"><ele>68.2</ele></trkpt>
      <trkpt lat="48.876594" lon="2.480553"><ele>68.5</ele></trkpt>
      <trkpt lat="48.876521" lon="2.480614"><ele>68.7</ele></trkpt>
      <trkpt lat="48.876449" lon="2.480676"><ele>68.9</ele></trkpt>
      <trkpt lat="48.876377" lon="2.480738"><ele>69.1</ele></trkpt>
      <trkpt lat="48.876305" lon="2.480800"><ele>69.3</ele></trkpt>
      <trkpt lat="48.876233" lon="2.480862"><ele>69.4</ele></trkpt>
      <trkpt lat="48.876231" lon="2.480863"><ele>69.5</ele></trkpt>
      <trkpt lat="48.876168" lon="2.480917"><ele>69.6</ele></trkpt>
      <trkpt lat="48.876104" lon="2.480972"><ele>69.7</ele></trkpt>
      <trkpt lat="48.876040" lon="2.481026"><ele>69.8</ele></trkpt>
      <trkpt lat="48.875977" lon="2.481080"><ele>69.9</ele></trkpt>
      <trkpt lat="48.875913" lon="2.481135"><ele>70.0</ele></trkpt>
      <trkpt lat="48.875911" lon="2.481136"><ele>70.0</ele></trkpt>
      <trkpt lat="48.875849" lon="2.481189"><ele>70.1</ele></trkpt>
      <trkpt lat="48.875787" lon="2.481242"><ele>70.2</ele></trkpt>
      <trkpt lat="48.875725" lon="2.481295"><ele>70.3</ele></trkpt>
      <trkpt lat="48.875663" lon="2.481348"><ele>70.4</ele></trkpt>
      <trkpt lat="48.875592" lon="2.481406"><ele>70.5</ele></trkpt>
      <trkpt lat="48.875521" lon="2.481464"><ele>70.7</ele></trkpt>
      <trkpt lat="48.875450" lon="2.481522"><ele>70.9</ele></trkpt>
      <trkpt lat="48.875450" lon="2.481523"><ele>71.2</ele></trkpt>
      <trkpt lat="48.875385" lon="2.481574"><ele>71.2</ele></trkpt>
      <trkpt lat="48.875345" lon="2.481610"><ele>71.5</ele></trkpt>
      <trkpt lat="48.875306" lon="2.481647"><ele>71.5</ele></trkpt>
      <trkpt lat="48.875304" lon="2.481648"><ele>71.7</ele></trkpt>
      <trkpt lat="48.875274" lon="2.481679"><ele>71.9</ele></trkpt>
      <trkpt lat="48.875206" lon="2.481740"><ele>72.1</ele></trkpt>
      <trkpt lat="48.875138" lon="2.481802"><ele>72.3</ele></trkpt>
      <trkpt lat="48.875070" lon="2.481863"><ele>72.5</ele></trkpt>
      <trkpt lat="48.875002" lon="2.481925"><ele>72.8</ele></trkpt>
      <trkpt lat="48.874933" lon="2.481986"><ele>73.0</ele></trkpt>
      <trkpt lat="48.874854" lon="2.482050"><ele>73.2</ele></trkpt>
      <trkpt lat="48.874775" lon="2.482113"><ele>73.3</ele></trkpt>
      <trkpt lat="48.874695" lon="2.482177"><ele>73.5</ele></trkpt>
      <trkpt lat="48.874616" lon="2.482241"><ele>73.6</ele></trkpt>
      <trkpt lat="48.874537" lon="2.482304"><ele>73.7</ele></trkpt>
      <trkpt lat="48.874534" lon="2.482307"><ele>73.7</ele></trkpt>
      <trkpt lat="48.874511" lon="2.482326"><ele>73.7</ele></trkpt>
      <trkpt lat="48.874508" lon="2.482328"><ele>73.8</ele></trkpt>
      <trkpt lat="48.874462" lon="2.482361"><ele>73.8</ele></trkpt>
      <trkpt lat="48.874415" lon="2.482393"><ele>73.8</ele></trkpt>
      <trkpt lat="48.874369" lon="2.482432"><ele>74.0</ele></trkpt>
      <trkpt lat="48.874323" lon="2.482471"><ele>74.0</ele></trkpt>
      <trkpt lat="48.874321" lon="2.482472"><ele>74.1</ele></trkpt>
      <trkpt lat="48.874310" lon="2.482482"><ele>74.1</ele></trkpt>
      <trkpt lat="48.874284" lon="2.482504"><ele>74.1</ele></trkpt>
      <trkpt lat="48.874235" lon="2.482534"><ele>74.1</ele></trkpt>
      <trkpt lat="48.874178" lon="2.482594"><ele>74.3</ele></trkpt>
      <trkpt lat="48.874120" lon="2.482654"><ele>74.3</ele></trkpt>
      <trkpt lat="48.874115" lon="2.482660"><ele>74.4</ele></trkpt>
      <trkpt lat="48.874063" lon="2.482717"><ele>74.5</ele></trkpt>
      <trkpt lat="48.873999" lon="2.482794"><ele>74.6</ele></trkpt>
      <trkpt lat="48.873934" lon="2.482872"><ele>74.6</ele></trkpt>
      <trkpt lat="48.873925" lon="2.482884"><ele>74.6</ele></trkpt>
      <trkpt lat="48.873871" lon="2.482953"><ele>74.6</ele></trkpt>
      <trkpt lat="48.873861" lon="2.482966"><ele>74.6</ele></trkpt>
      <trkpt lat="48.873812" lon="2.483034"><ele>74.5</ele></trkpt>
      <trkpt lat="48.873763" lon="2.483102"><ele>74.5</ele></trkpt>
      <trkpt lat="48.873758" lon="2.483117"><ele>74.4</ele></trkpt>
      <trkpt lat="48.873745" lon="2.483163"><ele>74.3</ele></trkpt>
      <trkpt lat="48.873709" lon="2.483213"><ele>74.3</ele></trkpt>
      <trkpt lat="48.873674" lon="2.483263"><ele>74.2</ele></trkpt>
      <trkpt lat="48.873616" lon="2.483344"><ele>74.2</ele></trkpt>
      <trkpt lat="48.873559" lon="2.483426"><ele>74.2</ele></trkpt>
      <trkpt lat="48.873501" lon="2.483508"><ele>74.2</ele></trkpt>
      <trkpt lat="48.873443" lon="2.483589"><ele>74.2</ele></trkpt>
      <trkpt lat="48.873383" lon="2.483670"><ele>74.3</ele></trkpt>
      <trkpt lat="48.873323" lon="2.483751"><ele>74.4</ele></trkpt>
      <trkpt lat="48.873263" lon="2.483832"><ele>74.6</ele></trkpt>
      <trkpt lat="48.873202" lon="2.483913"><ele>74.8</ele></trkpt>
      <trkpt lat="48.873142" lon="2.483993"><ele>74.9</ele></trkpt>
      <trkpt lat="48.873082" lon="2.484074"><ele>75.1</ele></trkpt>
      <trkpt lat="48.873082" lon="2.484074"><ele>75.1</ele></trkpt>
      <trkpt lat="48.873031" lon="2.484144"><ele>75.3</ele></trkpt>
      <trkpt lat="48.872981" lon="2.484214"><ele>75.4</ele></trkpt>
      <trkpt lat="48.872930" lon="2.484284"><ele>75.5</ele></trkpt>
      <trkpt lat="48.872880" lon="2.484354"><ele>75.5</ele></trkpt>
      <trkpt lat="48.872826" lon="2.484429"><ele>75.6</ele></trkpt>
      <trkpt lat="48.872772" lon="2.484504"><ele>75.7</ele></trkpt>
      <trkpt lat="48.872718" lon="2.484579"><ele>75.7</ele></trkpt>
      <trkpt lat="48.872664" lon="2.484654"><ele>75.8</ele></trkpt>
      <trkpt lat="48.872609" lon="2.484729"><ele>75.8</ele></trkpt>
      <trkpt lat="48.872546" lon="2.484817"><ele>75.9</ele></trkpt>
      <trkpt lat="48.872483" lon="2.484905"><ele>75.9</ele></trkpt>
      <trkpt lat="48.872419" lon="2.484994"><ele>75.9</ele></trkpt>
      <trkpt lat="48.872393" lon="2.485030"><ele>75.9</ele></trkpt>
      <trkpt lat="48.872392" lon="2.485031"><ele>75.8</ele></trkpt>
      <trkpt lat="48.872338" lon="2.485102"><ele>75.7</ele></trkpt>
      <trkpt lat="48.872320" lon="2.485088"><ele>75.6</ele></trkpt>
      <trkpt lat="48.872301" lon="2.485081"><ele>75.6</ele></trkpt>
      <trkpt lat="48.872288" lon="2.485081"><ele>75.6</ele></trkpt>
      <trkpt lat="48.872274" lon="2.485084"><ele>75.6</ele></trkpt>
      <trkpt lat="48.872255" lon="2.485097"><ele>75.5</ele></trkpt>
      <trkpt lat="48.872239" lon="2.485117"><ele>75.5</ele></trkpt>
      <trkpt lat="48.872227" lon="2.485143"><ele>75.5</ele></trkpt>
      <trkpt lat="48.872220" lon="2.485173"><ele>75.4</ele></trkpt>
      <trkpt lat="48.872178" lon="2.485154"><ele>75.3</ele></trkpt>
      <trkpt lat="48.872178" lon="2.485154"><ele>75.3</ele></trkpt>
      <trkpt lat="48.872129" lon="2.485127"><ele>75.3</ele></trkpt>
      <trkpt lat="48.872080" lon="2.485099"><ele>75.3</ele></trkpt>
      <trkpt lat="48.872077" lon="2.485098"><ele>75.3</ele></trkpt>
      <trkpt lat="48.872032" lon="2.485072"><ele>75.2</ele></trkpt>
      <trkpt lat="48.871952" lon="2.485027"><ele>75.2</ele></trkpt>
      <trkpt lat="48.871872" lon="2.484983"><ele>75.2</ele></trkpt>
      <trkpt lat="48.871792" lon="2.484939"><ele>75.1</ele></trkpt>
      <trkpt lat="48.871712" lon="2.484895"><ele>75.0</ele></trkpt>
      <trkpt lat="48.871632" lon="2.484850"><ele>74.9</ele></trkpt>
      <trkpt lat="48.871552" lon="2.484806"><ele>74.8</ele></trkpt>
      <trkpt lat="48.871473" lon="2.484762"><ele>74.7</ele></trkpt>
      <trkpt lat="48.871393" lon="2.484718"><ele>74.6</ele></trkpt>
      <trkpt lat="48.871336" lon="2.484702"><ele>74.5</ele></trkpt>
      <trkpt lat="48.871279" lon="2.484687"><ele>74.4</ele></trkpt>
      <trkpt lat="48.871222" lon="2.484687"><ele>74.3</ele></trkpt>
      <trkpt lat="48.871164" lon="2.484686"><ele>74.1</ele></trkpt>
      <trkpt lat="48.871081" lon="2.484697"><ele>73.9</ele></trkpt>
      <trkpt lat="48.870998" lon="2.484708"><ele>73.7</ele></trkpt>
      <trkpt lat="48.870914" lon="2.484720"><ele>73.5</ele></trkpt>
      <trkpt lat="48.870910" lon="2.484720"><ele>73.3</ele></trkpt>
      <trkpt lat="48.870851" lon="2.484729"><ele>73.3</ele></trkpt>
      <trkpt lat="48.870791" lon="2.484738"><ele>73.2</ele></trkpt>
      <trkpt lat="48.870745" lon="2.484755"><ele>73.0</ele></trkpt>
      <trkpt lat="48.870744" lon="2.484756"><ele>73.0</ele></trkpt>
      <trkpt lat="48.870666" lon="2.484794"><ele>72.9</ele></trkpt>
      <trkpt lat="48.870665" lon="2.484795"><ele>72.9</ele></trkpt>
      <trkpt lat="48.870594" lon="2.484831"><ele>72.6</ele></trkpt>
      <trkpt lat="48.870524" lon="2.484867"><ele>72.5</ele></trkpt>
      <trkpt lat="48.870489" lon="2.484885"><ele>72.4</ele></trkpt>
      <trkpt lat="48.870487" lon="2.484886"><ele>72.3</ele></trkpt>
      <trkpt lat="48.870454" lon="2.484905"><ele>72.3</ele></trkpt>
      <trkpt lat="48.870453" lon="2.484906"><ele>72.3</ele></trkpt>
      <trkpt lat="48.870371" lon="2.484954"><ele>72.1</ele></trkpt>
      <trkpt lat="48.870371" lon="2.484954"><ele>72.0</ele></trkpt>
      <trkpt lat="48.870331" lon="2.484976"><ele>71.8</ele></trkpt>
      <trkpt lat="48.870285" lon="2.485000"><ele>71.7</ele></trkpt>
      <trkpt lat="48.870239" lon="2.485024"><ele>71.6</ele></trkpt>
      <trkpt lat="48.870195" lon="2.485048"><ele>71.5</ele></trkpt>
      <trkpt lat="48.870151" lon="2.485072"><ele>71.3</ele></trkpt>
      <trkpt lat="48.870072" lon="2.485117"><ele>71.1</ele></trkpt>
      <trkpt lat="48.869992" lon="2.485161"><ele>70.8</ele></trkpt>
      <trkpt lat="48.869912" lon="2.485206"><ele>70.5</ele></trkpt>
      <trkpt lat="48.869833" lon="2.485250"><ele>70.2</ele></trkpt>
      <trkpt lat="48.869753" lon="2.485295"><ele>69.9</ele></trkpt>
      <trkpt lat="48.869672" lon="2.485319"><ele>69.7</ele></trkpt>
      <trkpt lat="48.869587" lon="2.485327"><ele>69.5</ele></trkpt>
      <trkpt lat="48.869539" lon="2.485319"><ele>69.3</ele></trkpt>
      <trkpt lat="48.869491" lon="2.485311"><ele>69.2</ele></trkpt>
      <trkpt lat="48.869428" lon="2.485297"><ele>69.1</ele></trkpt>
      <trkpt lat="48.869364" lon="2.485283"><ele>69.0</ele></trkpt>
      <trkpt lat="48.869301" lon="2.485269"><ele>68.8</ele></trkpt>
      <trkpt lat="48.869226" lon="2.485253"><ele>68.7</ele></trkpt>
      <trkpt lat="48.869151" lon="2.485238"><ele>68.5</ele></trkpt>
      <trkpt lat="48.869076" lon="2.485222"><ele>68.3</ele></trkpt>
      <trkpt lat="48.869001" lon="2.485207"><ele>68.1</ele></trkpt>
      <trkpt lat="48.868926" lon="2.485191"><ele>68.0</ele></trkpt>
      <trkpt lat="48.868914" lon="2.485188"><ele>67.8</ele></trkpt>
      <trkpt lat="48.868875" lon="2.485178"><ele>67.7</ele></trkpt>
      <trkpt lat="48.868805" lon="2.485164"><ele>67.5</ele></trkpt>
      <trkpt lat="48.868735" lon="2.485150"><ele>67.3</ele></trkpt>
      <trkpt lat="48.868665" lon="2.485135"><ele>67.1</ele></trkpt>
      <trkpt lat="48.868595" lon="2.485121"><ele>67.0</ele></trkpt>
      <trkpt lat="48.868589" lon="2.485120"><ele>66.7</ele></trkpt>
      <trkpt lat="48.868539" lon="2.485109"><ele>66.6</ele></trkpt>
      <trkpt lat="48.868490" lon="2.485098"><ele>66.6</ele></trkpt>
      <trkpt lat="48.868485" lon="2.485097"><ele>66.4</ele></trkpt>
      <trkpt lat="48.868403" lon="2.485079"><ele>66.3</ele></trkpt>
      <trkpt lat="48.868321" lon="2.485060"><ele>66.2</ele></trkpt>
      <trkpt lat="48.868238" lon="2.485042"><ele>66.1</ele></trkpt>
      <trkpt lat="48.868156" lon="2.485024"><ele>66.1</ele></trkpt>
      <trkpt lat="48.868074" lon="2.485006"><ele>66.2</ele></trkpt>
      <trkpt lat="48.868009" lon="2.484982"><ele>66.3</ele></trkpt>
      <trkpt lat="48.867944" lon="2.484958"><ele>66.4</ele></trkpt>
      <trkpt lat="48.867878" lon="2.484934"><ele>66.5</ele></trkpt>
      <trkpt lat="48.867798" lon="2.484901"><ele>66.7</ele></trkpt>
      <trkpt lat="48.867717" lon="2.484869"><ele>66.8</ele></trkpt>
      <trkpt lat="48.867714" lon="2.484868"><ele>66.9</ele></trkpt>
      <trkpt lat="48.867653" lon="2.484837"><ele>67.1</ele></trkpt>
      <trkpt lat="48.867591" lon="2.484806"><ele>67.2</ele></trkpt>
      <trkpt lat="48.867527" lon="2.484769"><ele>67.4</ele></trkpt>
      <trkpt lat="48.867509" lon="2.484757"><ele>67.6</ele></trkpt>
      <trkpt lat="48.867440" lon="2.484722"><ele>67.7</ele></trkpt>
      <trkpt lat="48.867372" lon="2.484688"><ele>67.9</ele></trkpt>
      <trkpt lat="48.867372" lon="2.484688"><ele>68.0</ele></trkpt>
      <trkpt lat="48.867358" lon="2.484681"><ele>68.0</ele></trkpt>
      <trkpt lat="48.867282" lon="2.484640"><ele>68.2</ele></trkpt>
      <trkpt lat="48.867205" lon="2.484600"><ele>68.3</ele></trkpt>
      <trkpt lat="48.867128" lon="2.484559"><ele>68.4</ele></trkpt>
      <trkpt lat="48.867052" lon="2.484519"><ele>68.5</ele></trkpt>
      <trkpt lat="48.866975" lon="2.484478"><ele>68.6</ele></trkpt>
      <trkpt lat="48.866903" lon="2.484436"><ele>68.6</ele></trkpt>
      <trkpt lat="48.866830" lon="2.484394"><ele>68.6</ele></trkpt>
      <trkpt lat="48.866758" lon="2.484353"><ele>68.6</ele></trkpt>
      <trkpt lat="48.866685" lon="2.484311"><ele>68.6</ele></trkpt>
      <trkpt lat="48.866613" lon="2.484269"><ele>68.6</ele></trkpt>
      <trkpt lat="48.866536" lon="2.484225"><ele>68.6</ele></trkpt>
      <trkpt lat="48.866460" lon="2.484181"><ele>68.6</ele></trkpt>
      <trkpt lat="48.866383" lon="2.484137"><ele>68.5</ele></trkpt>
      <trkpt lat="48.866307" lon="2.484093"><ele>68.5</ele></trkpt>
      <trkpt lat="48.866230" lon="2.484050"><ele>68.5</ele></trkpt>
      <trkpt lat="48.866154" lon="2.484006"><ele>68.5</ele></trkpt>
      <trkpt lat="48.866077" lon="2.483962"><ele>68.5</ele></trkpt>
      <trkpt lat="48.866001" lon="2.483918"><ele>68.5</ele></trkpt>
      <trkpt lat="48.865924" lon="2.483874"><ele>68.4</ele></trkpt>
      <trkpt lat="48.865852" lon="2.483836"><ele>68.3</ele></trkpt>
      <trkpt lat="48.865779" lon="2.483798"><ele>68.3</ele></trkpt>
      <trkpt lat="48.865707" lon="2.483760"><ele>68.2</ele></trkpt>
      <trkpt lat="48.865635" lon="2.483723"><ele>68.1</ele></trkpt>
      <trkpt lat="48.865562" lon="2.483685"><ele>68.0</ele></trkpt>
      <trkpt lat="48.865490" lon="2.483647"><ele>67.9</ele></trkpt>
      <trkpt lat="48.865423" lon="2.483612"><ele>67.8</ele></trkpt>
      <trkpt lat="48.865357" lon="2.483577"><ele>67.8</ele></trkpt>
      <trkpt lat="48.865356" lon="2.483577"><ele>67.7</ele></trkpt>
      <trkpt lat="48.865284" lon="2.483539"><ele>67.7</ele></trkpt>
      <trkpt lat="48.865211" lon="2.483501"><ele>67.6</ele></trkpt>
      <trkpt lat="48.865129" lon="2.483457"><ele>67.4</ele></trkpt>
      <trkpt lat="48.865128" lon="2.483457"><ele>67.4</ele></trkpt>
      <trkpt lat="48.865053" lon="2.483416"><ele>67.3</ele></trkpt>
      <trkpt lat="48.864978" lon="2.483375"><ele>67.2</ele></trkpt>
      <trkpt lat="48.864902" lon="2.483336"><ele>67.2</ele></trkpt>
      <trkpt lat="48.864826" lon="2.483297"><ele>67.1</ele></trkpt>
      <trkpt lat="48.864750" lon="2.483258"><ele>67.1</ele></trkpt>
      <trkpt lat="48.864674" lon="2.483219"><ele>67.1</ele></trkpt>
      <trkpt lat="48.864598" lon="2.483180"><ele>67.2</ele></trkpt>
      <trkpt lat="48.864522" lon="2.483141"><ele>67.3</ele></trkpt>
      <trkpt lat="48.864446" lon="2.483102"><ele>67.4</ele></trkpt>
      <trkpt lat="48.864372" lon="2.483062"><ele>67.5</ele></trkpt>
      <trkpt lat="48.864297" lon="2.483022"><ele>67.7</ele></trkpt>
      <trkpt lat="48.864222" lon="2.482982"><ele>67.8</ele></trkpt>
      <trkpt lat="48.864148" lon="2.482942"><ele>67.9</ele></trkpt>
      <trkpt lat="48.864073" lon="2.482902"><ele>68.0</ele></trkpt>
      <trkpt lat="48.864072" lon="2.482901"><ele>68.0</ele></trkpt>
      <trkpt lat="48.863995" lon="2.482856"><ele>68.2</ele></trkpt>
      <trkpt lat="48.863918" lon="2.482811"><ele>68.2</ele></trkpt>
      <trkpt lat="48.863847" lon="2.482773"><ele>68.4</ele></trkpt>
      <trkpt lat="48.863777" lon="2.482736"><ele>68.5</ele></trkpt>
      <trkpt lat="48.863705" lon="2.482701"><ele>68.7</ele></trkpt>
      <trkpt lat="48.863633" lon="2.482667"><ele>68.7</ele></trkpt>
      <trkpt lat="48.863573" lon="2.482639"><ele>68.8</ele></trkpt>
      <trkpt lat="48.863514" lon="2.482612"><ele>68.8</ele></trkpt>
      <trkpt lat="48.863442" lon="2.482572"><ele>69.0</ele></trkpt>
      <trkpt lat="48.863370" lon="2.482532"><ele>69.1</ele></trkpt>
      <trkpt lat="48.863298" lon="2.482492"><ele>69.3</ele></trkpt>
      <trkpt lat="48.863227" lon="2.482453"><ele>69.4</ele></trkpt>
      <trkpt lat="48.863155" lon="2.482413"><ele>69.6</ele></trkpt>
      <trkpt lat="48.863070" lon="2.482373"><ele>69.7</ele></trkpt>
      <trkpt lat="48.862986" lon="2.482332"><ele>69.8</ele></trkpt>
      <trkpt lat="48.862901" lon="2.482292"><ele>69.8</ele></trkpt>
      <trkpt lat="48.862817" lon="2.482252"><ele>69.9</ele></trkpt>
      <trkpt lat="48.862741" lon="2.482211"><ele>70.1</ele></trkpt>
      <trkpt lat="48.862665" lon="2.482171"><ele>70.2</ele></trkpt>
      <trkpt lat="48.862589" lon="2.482130"><ele>70.3</ele></trkpt>
      <trkpt lat="48.862587" lon="2.482129"><ele>70.4</ele></trkpt>
      <trkpt lat="48.862539" lon="2.482108"><ele>70.4</ele></trkpt>
      <trkpt lat="48.862490" lon="2.482087"><ele>70.4</ele></trkpt>
      <trkpt lat="48.862419" lon="2.482050"><ele>70.5</ele></trkpt>
      <trkpt lat="48.862417" lon="2.482049"><ele>70.5</ele></trkpt>
      <trkpt lat="48.862342" lon="2.482014"><ele>70.6</ele></trkpt>
      <trkpt lat="48.862266" lon="2.481978"><ele>70.6</ele></trkpt>
      <trkpt lat="48.862186" lon="2.481940"><ele>70.7</ele></trkpt>
      <trkpt lat="48.862106" lon="2.481901"><ele>70.7</ele></trkpt>
      <trkpt lat="48.862026" lon="2.481862"><ele>70.8</ele></trkpt>
      <trkpt lat="48.861947" lon="2.481824"><ele>70.8</ele></trkpt>
      <trkpt lat="48.861867" lon="2.481785"><ele>70.8</ele></trkpt>
      <trkpt lat="48.861809" lon="2.481771"><ele>70.8</ele></trkpt>
      <trkpt lat="48.861752" lon="2.481758"><ele>70.7</ele></trkpt>
      <trkpt lat="48.861716" lon="2.481758"><ele>70.7</ele></trkpt>
      <trkpt lat="48.861713" lon="2.481758"><ele>70.6</ele></trkpt>
      <trkpt lat="48.861657" lon="2.481769"><ele>70.5</ele></trkpt>
      <trkpt lat="48.861602" lon="2.481781"><ele>70.5</ele></trkpt>
      <trkpt lat="48.861579" lon="2.481707"><ele>70.7</ele></trkpt>
      <trkpt lat="48.861539" lon="2.481651"><ele>70.8</ele></trkpt>
      <trkpt lat="48.861489" lon="2.481621"><ele>70.9</ele></trkpt>
      <trkpt lat="48.861408" lon="2.481635"><ele>70.8</ele></trkpt>
      <trkpt lat="48.861368" lon="2.481602"><ele>70.9</ele></trkpt>
      <trkpt lat="48.861329" lon="2.481570"><ele>70.9</ele></trkpt>
      <trkpt lat="48.861328" lon="2.481569"><ele>70.9</ele></trkpt>
      <trkpt lat="48.861284" lon="2.481530"><ele>71.1</ele></trkpt>
      <trkpt lat="48.861241" lon="2.481491"><ele>71.1</ele></trkpt>
      <trkpt lat="48.861178" lon="2.481435"><ele>71.4</ele></trkpt>
      <trkpt lat="48.861099" lon="2.481394"><ele>71.5</ele></trkpt>
      <trkpt lat="48.861020" lon="2.481354"><ele>71.6</ele></trkpt>
      <trkpt lat="48.860970" lon="2.481329"><ele>71.6</ele></trkpt>
      <trkpt lat="48.860919" lon="2.481303"><ele>71.7</ele></trkpt>
      <trkpt lat="48.860836" lon="2.481262"><ele>71.8</ele></trkpt>
      <trkpt lat="48.860752" lon="2.481221"><ele>71.9</ele></trkpt>
      <trkpt lat="48.860669" lon="2.481179"><ele>72.1</ele></trkpt>
      <trkpt lat="48.860585" lon="2.481138"><ele>72.4</ele></trkpt>
      <trkpt lat="48.860502" lon="2.481097"><ele>72.6</ele></trkpt>
      <trkpt lat="48.860419" lon="2.481055"><ele>72.7</ele></trkpt>
      <trkpt lat="48.860335" lon="2.481014"><ele>72.8</ele></trkpt>
      <trkpt lat="48.860307" lon="2.480996"><ele>72.8</ele></trkpt>
      <trkpt lat="48.860299" lon="2.480990"><ele>72.8</ele></trkpt>
      <trkpt lat="48.860229" lon="2.480943"><ele>72.8</ele></trkpt>
      <trkpt lat="48.860159" lon="2.480896"><ele>72.8</ele></trkpt>
      <trkpt lat="48.860154" lon="2.480892"><ele>72.8</ele></trkpt>
      <trkpt lat="48.860097" lon="2.480840"><ele>72.9</ele></trkpt>
      <trkpt lat="48.860096" lon="2.480839"><ele>72.9</ele></trkpt>
      <trkpt lat="48.860059" lon="2.480814"><ele>73.0</ele></trkpt>
      <trkpt lat="48.860017" lon="2.480772"><ele>73.1</ele></trkpt>
      <trkpt lat="48.860001" lon="2.480757"><ele>73.3</ele></trkpt>
      <trkpt lat="48.859943" lon="2.480701"><ele>73.4</ele></trkpt>
      <trkpt lat="48.859885" lon="2.480645"><ele>73.5</ele></trkpt>
      <trkpt lat="48.859827" lon="2.480570"><ele>73.7</ele></trkpt>
      <trkpt lat="48.859769" lon="2.480495"><ele>73.7</ele></trkpt>
      <trkpt lat="48.859734" lon="2.480436"><ele>73.9</ele></trkpt>
      <trkpt lat="48.859698" lon="2.480377"><ele>73.9</ele></trkpt>
      <trkpt lat="48.859666" lon="2.480316"><ele>74.0</ele></trkpt>
      <trkpt lat="48.859634" lon="2.480256"><ele>74.0</ele></trkpt>
      <trkpt lat="48.859634" lon="2.480256"><ele>74.1</ele></trkpt>
      <trkpt lat="48.859625" lon="2.480240"><ele>74.1</ele></trkpt>
      <trkpt lat="48.859575" lon="2.480146"><ele>74.1</ele></trkpt>
      <trkpt lat="48.859524" lon="2.480052"><ele>74.2</ele></trkpt>
      <trkpt lat="48.859474" lon="2.479958"><ele>74.2</ele></trkpt>
      <trkpt lat="48.859428" lon="2.479853"><ele>74.4</ele></trkpt>
      <trkpt lat="48.859382" lon="2.479748"><ele>74.5</ele></trkpt>
      <trkpt lat="48.859343" lon="2.479630"><ele>74.6</ele></trkpt>
      <trkpt lat="48.859305" lon="2.479512"><ele>74.7</ele></trkpt>
      <trkpt lat="48.859276" lon="2.479401"><ele>74.7</ele></trkpt>
      <trkpt lat="48.859247" lon="2.479290"><ele>74.8</ele></trkpt>
      <trkpt lat="48.859223" lon="2.479178"><ele>74.8</ele></trkpt>
      <trkpt lat="48.859200" lon="2.479067"><ele>74.9</ele></trkpt>
      <trkpt lat="48.859187" lon="2.478957"><ele>75.0</ele></trkpt>
      <trkpt lat="48.859174" lon="2.478848"><ele>75.2</ele></trkpt>
      <trkpt lat="48.859160" lon="2.478739"><ele>75.4</ele></trkpt>
      <trkpt lat="48.859157" lon="2.478624"><ele>75.6</ele></trkpt>
      <trkpt lat="48.859154" lon="2.478510"><ele>75.7</ele></trkpt>
      <trkpt lat="48.859153" lon="2.478475"><ele>75.8</ele></trkpt>
      <trkpt lat="48.859148" lon="2.478350"><ele>75.9</ele></trkpt>
      <trkpt lat="48.859144" lon="2.478225"><ele>75.9</ele></trkpt>
      <trkpt lat="48.859140" lon="2.478100"><ele>75.9</ele></trkpt>
      <trkpt lat="48.859136" lon="2.477975"><ele>76.0</ele></trkpt>
      <trkpt lat="48.859132" lon="2.477850"><ele>76.2</ele></trkpt>
      <trkpt lat="48.859128" lon="2.477725"><ele>76.5</ele></trkpt>
      <trkpt lat="48.859124" lon="2.477601"><ele>76.8</ele></trkpt>
      <trkpt lat="48.859119" lon="2.477476"><ele>77.0</ele></trkpt>
      <trkpt lat="48.859116" lon="2.477340"><ele>77.2</ele></trkpt>
      <trkpt lat="48.859113" lon="2.477205"><ele>77.4</ele></trkpt>
      <trkpt lat="48.859110" lon="2.477070"><ele>77.7</ele></trkpt>
      <trkpt lat="48.859107" lon="2.476935"><ele>77.9</ele></trkpt>
      <trkpt lat="48.859103" lon="2.476800"><ele>78.2</ele></trkpt>
      <trkpt lat="48.859100" lon="2.476665"><ele>78.6</ele></trkpt>
      <trkpt lat="48.859097" lon="2.476529"><ele>79.1</ele></trkpt>
      <trkpt lat="48.859094" lon="2.476394"><ele>79.6</ele></trkpt>
      <trkpt lat="48.859091" lon="2.476259"><ele>80.2</ele></trkpt>
      <trkpt lat="48.859087" lon="2.476124"><ele>80.6</ele></trkpt>
      <trkpt lat="48.859084" lon="2.475989"><ele>81.0</ele></trkpt>
      <trkpt lat="48.859081" lon="2.475853"><ele>81.1</ele></trkpt>
      <trkpt lat="48.859078" lon="2.475718"><ele>81.3</ele></trkpt>
      <trkpt lat="48.859074" lon="2.475582"><ele>81.6</ele></trkpt>
      <trkpt lat="48.859071" lon="2.475446"><ele>82.2</ele></trkpt>
      <trkpt lat="48.859068" lon="2.475311"><ele>82.7</ele></trkpt>
      <trkpt lat="48.859065" lon="2.475175"><ele>83.2</ele></trkpt>
      <trkpt lat="48.859061" lon="2.475039"><ele>83.7</ele></trkpt>
      <trkpt lat="48.859058" lon="2.474904"><ele>84.2</ele></trkpt>
      <trkpt lat="48.859055" lon="2.474768"><ele>84.5</ele></trkpt>
      <trkpt lat="48.859055" lon="2.474768"><ele>84.7</ele></trkpt>
      <trkpt lat="48.859052" lon="2.474647"><ele>85.0</ele></trkpt>
      <trkpt lat="48.859049" lon="2.474525"><ele>85.2</ele></trkpt>
      <trkpt lat="48.859046" lon="2.474404"><ele>85.3</ele></trkpt>
      <trkpt lat="48.859043" lon="2.474315"><ele>85.5</ele></trkpt>
      <trkpt lat="48.859040" lon="2.474226"><ele>85.5</ele></trkpt>
      <trkpt lat="48.859040" lon="2.474226"><ele>85.9</ele></trkpt>
      <trkpt lat="48.859037" lon="2.474127"><ele>86.1</ele></trkpt>
      <trkpt lat="48.859035" lon="2.474029"><ele>86.2</ele></trkpt>
      <trkpt lat="48.859032" lon="2.473930"><ele>86.4</ele></trkpt>
      <trkpt lat="48.859020" lon="2.473809"><ele>86.5</ele></trkpt>
      <trkpt lat="48.859007" lon="2.473687"><ele>86.7</ele></trkpt>
      <trkpt lat="48.858994" lon="2.473565"><ele>87.0</ele></trkpt>
      <trkpt lat="48.858981" lon="2.473444"><ele>87.2</ele></trkpt>
      <trkpt lat="48.858956" lon="2.473342"><ele>87.6</ele></trkpt>
      <trkpt lat="48.858931" lon="2.473240"><ele>87.7</ele></trkpt>
      <trkpt lat="48.858906" lon="2.473138"><ele>87.9</ele></trkpt>
      <trkpt lat="48.858881" lon="2.473044"><ele>87.9</ele></trkpt>
      <trkpt lat="48.858856" lon="2.472951"><ele>87.8</ele></trkpt>
      <trkpt lat="48.858832" lon="2.472857"><ele>87.6</ele></trkpt>
      <trkpt lat="48.858795" lon="2.472748"><ele>87.3</ele></trkpt>
      <trkpt lat="48.858757" lon="2.472639"><ele>87.0</ele></trkpt>
      <trkpt lat="48.858720" lon="2.472530"><ele>86.7</ele></trkpt>
      <trkpt lat="48.858679" lon="2.472441"><ele>86.4</ele></trkpt>
      <trkpt lat="48.858637" lon="2.472352"><ele>86.3</ele></trkpt>
      <trkpt lat="48.858595" lon="2.472263"><ele>86.2</ele></trkpt>
      <trkpt lat="48.858553" lon="2.472173"><ele>86.1</ele></trkpt>
      <trkpt lat="48.858520" lon="2.472101"><ele>86.2</ele></trkpt>
      <trkpt lat="48.858486" lon="2.472055"><ele>86.2</ele></trkpt>
      <trkpt lat="48.858453" lon="2.472009"><ele>86.3</ele></trkpt>
      <trkpt lat="48.858413" lon="2.471954"><ele>86.4</ele></trkpt>
      <trkpt lat="48.858359" lon="2.471889"><ele>86.5</ele></trkpt>
      <trkpt lat="48.858305" lon="2.471824"><ele>86.7</ele></trkpt>
      <trkpt lat="48.858252" lon="2.471759"><ele>86.8</ele></trkpt>
      <trkpt lat="48.858189" lon="2.471695"><ele>87.0</ele></trkpt>
      <trkpt lat="48.858127" lon="2.471632"><ele>87.2</ele></trkpt>
      <trkpt lat="48.858064" lon="2.471569"><ele>87.3</ele></trkpt>
      <trkpt lat="48.858058" lon="2.471563"><ele>87.5</ele></trkpt>
      <trkpt lat="48.858015" lon="2.471523"><ele>87.5</ele></trkpt>
      <trkpt lat="48.857942" lon="2.471470"><ele>88.3</ele></trkpt>
      <trkpt lat="48.857868" lon="2.471416"><ele>88.7</ele></trkpt>
      <trkpt lat="48.857795" lon="2.471363"><ele>89.2</ele></trkpt>
      <trkpt lat="48.857738" lon="2.471337"><ele>89.6</ele></trkpt>
      <trkpt lat="48.857680" lon="2.471310"><ele>90.0</ele></trkpt>
      <trkpt lat="48.857623" lon="2.471284"><ele>90.3</ele></trkpt>
      <trkpt lat="48.857592" lon="2.471270"><ele>90.5</ele></trkpt>
      <trkpt lat="48.857571" lon="2.471260"><ele>90.5</ele></trkpt>
      <trkpt lat="48.857565" lon="2.471257"><ele>90.8</ele></trkpt>
      <trkpt lat="48.857500" lon="2.471235"><ele>91.1</ele></trkpt>
      <trkpt lat="48.857435" lon="2.471213"><ele>91.3</ele></trkpt>
      <trkpt lat="48.857371" lon="2.471190"><ele>91.4</ele></trkpt>
      <trkpt lat="48.857286" lon="2.471167"><ele>91.9</ele></trkpt>
      <trkpt lat="48.857198" lon="2.471154"><ele>92.2</ele></trkpt>
      <trkpt lat="48.857197" lon="2.471154"><ele>92.4</ele></trkpt>
      <trkpt lat="48.857158" lon="2.471150"><ele>92.5</ele></trkpt>
      <trkpt lat="48.857129" lon="2.471146"><ele>92.6</ele></trkpt>
      <trkpt lat="48.857120" lon="2.471145"><ele>92.7</ele></trkpt>
      <trkpt lat="48.857030" lon="2.471136"><ele>92.8</ele></trkpt>
      <trkpt lat="48.856941" lon="2.471126"><ele>93.0</ele></trkpt>
      <trkpt lat="48.856852" lon="2.471116"><ele>93.0</ele></trkpt>
      <trkpt lat="48.856763" lon="2.471107"><ele>92.9</ele></trkpt>
      <trkpt lat="48.856673" lon="2.471097"><ele>92.8</ele></trkpt>
      <trkpt lat="48.856594" lon="2.471089"><ele>92.6</ele></trkpt>
      <trkpt lat="48.856515" lon="2.471081"><ele>92.5</ele></trkpt>
      <trkpt lat="48.856436" lon="2.471073"><ele>92.3</ele></trkpt>
      <trkpt lat="48.856357" lon="2.471065"><ele>92.1</ele></trkpt>
      <trkpt lat="48.856278" lon="2.471057"><ele>92.1</ele></trkpt>
      <trkpt lat="48.856199" lon="2.471049"><ele>92.2</ele></trkpt>
      <trkpt lat="48.856120" lon="2.471041"><ele>92.4</ele></trkpt>
      <trkpt lat="48.856031" lon="2.471033"><ele>92.6</ele></trkpt>
      <trkpt lat="48.855942" lon="2.471024"><ele>92.9</ele></trkpt>
      <trkpt lat="48.855852" lon="2.471015"><ele>93.1</ele></trkpt>
      <trkpt lat="48.855763" lon="2.471006"><ele>93.4</ele></trkpt>
      <trkpt lat="48.855674" lon="2.470998"><ele>93.7</ele></trkpt>
      <trkpt lat="48.855584" lon="2.470989"><ele>94.0</ele></trkpt>
      <trkpt lat="48.855510" lon="2.470980"><ele>94.4</ele></trkpt>
      <trkpt lat="48.855436" lon="2.470970"><ele>94.8</ele></trkpt>
      <trkpt lat="48.855362" lon="2.470961"><ele>95.1</ele></trkpt>
      <trkpt lat="48.855288" lon="2.470952"><ele>95.4</ele></trkpt>
      <trkpt lat="48.855222" lon="2.470935"><ele>95.7</ele></trkpt>
      <trkpt lat="48.855156" lon="2.470918"><ele>95.9</ele></trkpt>
      <trkpt lat="48.855083" lon="2.470875"><ele>96.4</ele></trkpt>
      <trkpt lat="48.855010" lon="2.470832"><ele>96.8</ele></trkpt>
      <trkpt lat="48.854937" lon="2.470788"><ele>97.1</ele></trkpt>
      <trkpt lat="48.854936" lon="2.470788"><ele>97.5</ele></trkpt>
      <trkpt lat="48.854864" lon="2.470751"><ele>97.5</ele></trkpt>
      <trkpt lat="48.854796" lon="2.470718"><ele>98.1</ele></trkpt>
      <trkpt lat="48.854729" lon="2.470685"><ele>98.4</ele></trkpt>
      <trkpt lat="48.854675" lon="2.470655"><ele>99.3</ele></trkpt>
      <trkpt lat="48.854621" lon="2.470624"><ele>99.5</ele></trkpt>
      <trkpt lat="48.854619" lon="2.470623"><ele>100.0</ele></trkpt>
      <trkpt lat="48.854547" lon="2.470594"><ele>100.2</ele></trkpt>
      <trkpt lat="48.854476" lon="2.470565"><ele>100.5</ele></trkpt>
      <trkpt lat="48.854404" lon="2.470536"><ele>100.8</ele></trkpt>
      <trkpt lat="48.854334" lon="2.470477"><ele>101.4</ele></trkpt>
      <trkpt lat="48.854263" lon="2.470418"><ele>101.7</ele></trkpt>
      <trkpt lat="48.854209" lon="2.470367"><ele>102.0</ele></trkpt>
      <trkpt lat="48.854155" lon="2.470317"><ele>102.1</ele></trkpt>
      <trkpt lat="48.854086" lon="2.470244"><ele>102.3</ele></trkpt>
      <trkpt lat="48.854018" lon="2.470172"><ele>102.4</ele></trkpt>
      <trkpt lat="48.853976" lon="2.470124"><ele>102.5</ele></trkpt>
      <trkpt lat="48.853934" lon="2.470075"><ele>102.5</ele></trkpt>
      <trkpt lat="48.853931" lon="2.470071"><ele>102.6</ele></trkpt>
      <trkpt lat="48.853860" lon="2.470010"><ele>102.7</ele></trkpt>
      <trkpt lat="48.853789" lon="2.469950"><ele>102.8</ele></trkpt>
      <trkpt lat="48.853758" lon="2.469850"><ele>103.0</ele></trkpt>
      <trkpt lat="48.853722" lon="2.469787"><ele>103.1</ele></trkpt>
      <trkpt lat="48.853686" lon="2.469724"><ele>103.2</ele></trkpt>
      <trkpt lat="48.853741" lon="2.469634"><ele>103.2</ele></trkpt>
      <trkpt lat="48.853742" lon="2.469633"><ele>103.2</ele></trkpt>
      <trkpt lat="48.853788" lon="2.469563"><ele>103.2</ele></trkpt>
      <trkpt lat="48.853834" lon="2.469493"><ele>103.2</ele></trkpt>
      <trkpt lat="48.853885" lon="2.469415"><ele>103.4</ele></trkpt>
      <trkpt lat="48.853935" lon="2.469336"><ele>103.4</ele></trkpt>
      <trkpt lat="48.853986" lon="2.469258"><ele>103.5</ele></trkpt>
      <trkpt lat="48.854040" lon="2.469175"><ele>103.7</ele></trkpt>
      <trkpt lat="48.854041" lon="2.469174"><ele>103.8</ele></trkpt>
      <trkpt lat="48.854079" lon="2.469115"><ele>103.9</ele></trkpt>
      <trkpt lat="48.854118" lon="2.469056"><ele>104.1</ele></trkpt>
      <trkpt lat="48.854177" lon="2.468965"><ele>104.2</ele></trkpt>
      <trkpt lat="48.854185" lon="2.468956"><ele>104.3</ele></trkpt>
      <trkpt lat="48.854188" lon="2.468951"><ele>104.6</ele></trkpt>
      <trkpt lat="48.854241" lon="2.468879"><ele>104.7</ele></trkpt>
      <trkpt lat="48.854295" lon="2.468807"><ele>104.8</ele></trkpt>
      <trkpt lat="48.854298" lon="2.468803"><ele>105.0</ele></trkpt>
      <trkpt lat="48.854340" lon="2.468753"><ele>105.1</ele></trkpt>
      <trkpt lat="48.854382" lon="2.468703"><ele>105.1</ele></trkpt>
      <trkpt lat="48.854431" lon="2.468657"><ele>105.4</ele></trkpt>
      <trkpt lat="48.854480" lon="2.468612"><ele>105.5</ele></trkpt>
      <trkpt lat="48.854484" lon="2.468608"><ele>105.7</ele></trkpt>
      <trkpt lat="48.854541" lon="2.468559"><ele>105.8</ele></trkpt>
      <trkpt lat="48.854599" lon="2.468509"><ele>106.0</ele></trkpt>
      <trkpt lat="48.854656" lon="2.468460"><ele>106.1</ele></trkpt>
      <trkpt lat="48.854729" lon="2.468416"><ele>106.3</ele></trkpt>
      <trkpt lat="48.854802" lon="2.468372"><ele>106.4</ele></trkpt>
      <trkpt lat="48.854874" lon="2.468328"><ele>106.5</ele></trkpt>
      <trkpt lat="48.854864" lon="2.468227"><ele>106.6</ele></trkpt>
      <trkpt lat="48.854864" lon="2.468227"><ele>106.6</ele></trkpt>
      <trkpt lat="48.854853" lon="2.468098"><ele>106.9</ele></trkpt>
      <trkpt lat="48.854843" lon="2.467970"><ele>107.2</ele></trkpt>
      <trkpt lat="48.854832" lon="2.467841"><ele>107.4</ele></trkpt>
      <trkpt lat="48.854821" lon="2.467712"><ele>107.5</ele></trkpt>
      <trkpt lat="48.854811" lon="2.467584"><ele>107.5</ele></trkpt>
      <trkpt lat="48.854800" lon="2.467455"><ele>107.4</ele></trkpt>
      <trkpt lat="48.854790" lon="2.467327"><ele>107.2</ele></trkpt>
      <trkpt lat="48.854779" lon="2.467198"><ele>107.0</ele></trkpt>
      <trkpt lat="48.854779" lon="2.467195"><ele>106.9</ele></trkpt>
      <trkpt lat="48.854776" lon="2.467166"><ele>106.8</ele></trkpt>
      <trkpt lat="48.854768" lon="2.467047"><ele>106.6</ele></trkpt>
      <trkpt lat="48.854759" lon="2.466928"><ele>106.4</ele></trkpt>
      <trkpt lat="48.854751" lon="2.466809"><ele>106.2</ele></trkpt>
      <trkpt lat="48.854742" lon="2.466690"><ele>106.1</ele></trkpt>
      <trkpt lat="48.854734" lon="2.466571"><ele>106.1</ele></trkpt>
      <trkpt lat="48.854733" lon="2.466567"><ele>106.0</ele></trkpt>
      <trkpt lat="48.854729" lon="2.466480"><ele>106.0</ele></trkpt>
      <trkpt lat="48.854729" lon="2.466476"><ele>106.0</ele></trkpt>
      <trkpt lat="48.854729" lon="2.466360"><ele>106.0</ele></trkpt>
      <trkpt lat="48.854729" lon="2.466245"><ele>106.0</ele></trkpt>
      <trkpt lat="48.854734" lon="2.466125"><ele>106.1</ele></trkpt>
      <trkpt lat="48.854739" lon="2.466006"><ele>106.1</ele></trkpt>
      <trkpt lat="48.854743" lon="2.465886"><ele>106.2</ele></trkpt>
      <trkpt lat="48.854748" lon="2.465766"><ele>106.3</ele></trkpt>
      <trkpt lat="48.854753" lon="2.465647"><ele>106.4</ele></trkpt>
      <trkpt lat="48.854758" lon="2.465527"><ele>106.5</ele></trkpt>
      <trkpt lat="48.854762" lon="2.465407"><ele>106.7</ele></trkpt>
      <trkpt lat="48.854765" lon="2.465272"><ele>106.8</ele></trkpt>
      <trkpt lat="48.854765" lon="2.465270"><ele>106.8</ele></trkpt>
      <trkpt lat="48.854768" lon="2.465144"><ele>107.1</ele></trkpt>
      <trkpt lat="48.854770" lon="2.465017"><ele>107.3</ele></trkpt>
      <trkpt lat="48.854773" lon="2.464891"><ele>107.6</ele></trkpt>
      <trkpt lat="48.854775" lon="2.464764"><ele>107.9</ele></trkpt>
      <trkpt lat="48.854778" lon="2.464638"><ele>108.2</ele></trkpt>
      <trkpt lat="48.854780" lon="2.464511"><ele>108.5</ele></trkpt>
      <trkpt lat="48.854783" lon="2.464385"><ele>108.8</ele></trkpt>
      <trkpt lat="48.854785" lon="2.464258"><ele>109.0</ele></trkpt>
      <trkpt lat="48.854788" lon="2.464132"><ele>109.1</ele></trkpt>
      <trkpt lat="48.854791" lon="2.464006"><ele>109.2</ele></trkpt>
      <trkpt lat="48.854795" lon="2.463886"><ele>109.3</ele></trkpt>
      <trkpt lat="48.854799" lon="2.463767"><ele>109.3</ele></trkpt>
      <trkpt lat="48.854804" lon="2.463648"><ele>109.3</ele></trkpt>
      <trkpt lat="48.854808" lon="2.463528"><ele>109.3</ele></trkpt>
      <trkpt lat="48.854812" lon="2.463409"><ele>109.3</ele></trkpt>
      <trkpt lat="48.854817" lon="2.463316"><ele>109.3</ele></trkpt>
      <trkpt lat="48.854821" lon="2.463223"><ele>109.3</ele></trkpt>
      <trkpt lat="48.854825" lon="2.463130"><ele>109.3</ele></trkpt>
      <trkpt lat="48.854825" lon="2.463128"><ele>109.3</ele></trkpt>
      <trkpt lat="48.854829" lon="2.462998"><ele>109.3</ele></trkpt>
      <trkpt lat="48.854834" lon="2.462867"><ele>109.3</ele></trkpt>
      <trkpt lat="48.854838" lon="2.462736"><ele>109.3</ele></trkpt>
      <trkpt lat="48.854842" lon="2.462606"><ele>109.3</ele></trkpt>
      <trkpt lat="48.854846" lon="2.462475"><ele>109.4</ele></trkpt>
      <trkpt lat="48.854850" lon="2.462345"><ele>109.5</ele></trkpt>
      <trkpt lat="48.854855" lon="2.462214"><ele>109.6</ele></trkpt>
      <trkpt lat="48.854859" lon="2.462083"><ele>109.8</ele></trkpt>
      <trkpt lat="48.854863" lon="2.461953"><ele>109.9</ele></trkpt>
      <trkpt lat="48.854867" lon="2.461822"><ele>109.9</ele></trkpt>
      <trkpt lat="48.854872" lon="2.461692"><ele>109.9</ele></trkpt>
      <trkpt lat="48.854876" lon="2.461561"><ele>109.9</ele></trkpt>
      <trkpt lat="48.854876" lon="2.461556"><ele>109.8</ele></trkpt>
      <trkpt lat="48.854892" lon="2.461453"><ele>109.8</ele></trkpt>
      <trkpt lat="48.854908" lon="2.461350"><ele>109.7</ele></trkpt>
      <trkpt lat="48.854923" lon="2.461247"><ele>109.6</ele></trkpt>
      <trkpt lat="48.854939" lon="2.461144"><ele>109.5</ele></trkpt>
      <trkpt lat="48.854948" lon="2.461075"><ele>109.3</ele></trkpt>
      <trkpt lat="48.854958" lon="2.461005"><ele>109.2</ele></trkpt>
      <trkpt lat="48.854958" lon="2.461005"><ele>109.0</ele></trkpt>
      <trkpt lat="48.854968" lon="2.460901"><ele>108.8</ele></trkpt>
      <trkpt lat="48.854978" lon="2.460798"><ele>108.7</ele></trkpt>
      <trkpt lat="48.854979" lon="2.460794"><ele>108.3</ele></trkpt>
      <trkpt lat="48.855020" lon="2.460680"><ele>108.1</ele></trkpt>
      <trkpt lat="48.855061" lon="2.460565"><ele>107.8</ele></trkpt>
      <trkpt lat="48.855102" lon="2.460450"><ele>107.5</ele></trkpt>
      <trkpt lat="48.855107" lon="2.460434"><ele>107.4</ele></trkpt>
      <trkpt lat="48.855138" lon="2.460330"><ele>107.2</ele></trkpt>
      <trkpt lat="48.855170" lon="2.460226"><ele>107.1</ele></trkpt>
      <trkpt lat="48.855201" lon="2.460121"><ele>106.8</ele></trkpt>
      <trkpt lat="48.855215" lon="2.460005"><ele>106.5</ele></trkpt>
      <trkpt lat="48.855228" lon="2.459888"><ele>106.2</ele></trkpt>
      <trkpt lat="48.855242" lon="2.459772"><ele>105.9</ele></trkpt>
      <trkpt lat="48.855255" lon="2.459656"><ele>105.6</ele></trkpt>
      <trkpt lat="48.855254" lon="2.459545"><ele>105.3</ele></trkpt>
      <trkpt lat="48.855254" lon="2.459435"><ele>105.1</ele></trkpt>
      <trkpt lat="48.855253" lon="2.459416"><ele>105.0</ele></trkpt>
      <trkpt lat="48.855253" lon="2.459320"><ele>104.7</ele></trkpt>
      <trkpt lat="48.855252" lon="2.459224"><ele>104.5</ele></trkpt>
      <trkpt lat="48.855251" lon="2.459128"><ele>104.2</ele></trkpt>
      <trkpt lat="48.855247" lon="2.459008"><ele>103.8</ele></trkpt>
      <trkpt lat="48.855242" lon="2.458889"><ele>103.4</ele></trkpt>
      <trkpt lat="48.855238" lon="2.458770"><ele>103.0</ele></trkpt>
      <trkpt lat="48.855234" lon="2.458650"><ele>102.6</ele></trkpt>
      <trkpt lat="48.855229" lon="2.458531"><ele>102.4</ele></trkpt>
      <trkpt lat="48.855225" lon="2.458411"><ele>102.3</ele></trkpt>
      <trkpt lat="48.855221" lon="2.458292"><ele>102.2</ele></trkpt>
      <trkpt lat="48.855220" lon="2.458292"><ele>102.3</ele></trkpt>
      <trkpt lat="48.855206" lon="2.458201"><ele>102.3</ele></trkpt>
      <trkpt lat="48.855247" lon="2.458162"><ele>102.5</ele></trkpt>
      <trkpt lat="48.855248" lon="2.458162"><ele>102.6</ele></trkpt>
      <trkpt lat="48.855305" lon="2.458108"><ele>103.2</ele></trkpt>
      <trkpt lat="48.855362" lon="2.458055"><ele>103.5</ele></trkpt>
      <trkpt lat="48.855420" lon="2.458001"><ele>103.6</ele></trkpt>
      <trkpt lat="48.855420" lon="2.458001"><ele>103.6</ele></trkpt>
      <trkpt lat="48.855490" lon="2.457933"><ele>103.8</ele></trkpt>
      <trkpt lat="48.855559" lon="2.457866"><ele>103.9</ele></trkpt>
      <trkpt lat="48.855629" lon="2.457799"><ele>104.0</ele></trkpt>
      <trkpt lat="48.855698" lon="2.457732"><ele>104.1</ele></trkpt>
      <trkpt lat="48.855768" lon="2.457665"><ele>104.2</ele></trkpt>
      <trkpt lat="48.855811" lon="2.457635"><ele>104.3</ele></trkpt>
      <trkpt lat="48.855814" lon="2.457633"><ele>104.5</ele></trkpt>
      <trkpt lat="48.855876" lon="2.457617"><ele>104.6</ele></trkpt>
      <trkpt lat="48.855939" lon="2.457602"><ele>104.8</ele></trkpt>
      <trkpt lat="48.855890" lon="2.457531"><ele>104.4</ele></trkpt>
      <trkpt lat="48.855841" lon="2.457461"><ele>104.2</ele></trkpt>
      <trkpt lat="48.855792" lon="2.457390"><ele>104.0</ele></trkpt>
      <trkpt lat="48.855783" lon="2.457376"><ele>104.0</ele></trkpt>
      <trkpt lat="48.855721" lon="2.457280"><ele>103.6</ele></trkpt>
      <trkpt lat="48.855659" lon="2.457184"><ele>103.4</ele></trkpt>
      <trkpt lat="48.855597" lon="2.457088"><ele>103.2</ele></trkpt>
      <trkpt lat="48.855552" lon="2.457004"><ele>103.0</ele></trkpt>
      <trkpt lat="48.855507" lon="2.456921"><ele>102.9</ele></trkpt>
      <trkpt lat="48.855450" lon="2.456836"><ele>102.8</ele></trkpt>
      <trkpt lat="48.855393" lon="2.456751"><ele>102.7</ele></trkpt>
      <trkpt lat="48.855336" lon="2.456666"><ele>102.5</ele></trkpt>
      <trkpt lat="48.855278" lon="2.456581"><ele>102.5</ele></trkpt>
      <trkpt lat="48.855221" lon="2.456496"><ele>102.4</ele></trkpt>
      <trkpt lat="48.855164" lon="2.456411"><ele>102.2</ele></trkpt>
      <trkpt lat="48.855107" lon="2.456326"><ele>101.9</ele></trkpt>
      <trkpt lat="48.855050" lon="2.456240"><ele>101.6</ele></trkpt>
      <trkpt lat="48.855001" lon="2.456165"><ele>101.4</ele></trkpt>
      <trkpt lat="48.854997" lon="2.456157"><ele>101.2</ele></trkpt>
      <trkpt lat="48.854943" lon="2.456072"><ele>101.0</ele></trkpt>
      <trkpt lat="48.854890" lon="2.455986"><ele>100.8</ele></trkpt>
      <trkpt lat="48.854837" lon="2.455901"><ele>100.4</ele></trkpt>
      <trkpt lat="48.854800" lon="2.455797"><ele>100.0</ele></trkpt>
      <trkpt lat="48.854763" lon="2.455692"><ele>99.5</ele></trkpt>
      <trkpt lat="48.854730" lon="2.455598"><ele>99.2</ele></trkpt>
      <trkpt lat="48.854703" lon="2.455521"><ele>98.6</ele></trkpt>
      <trkpt lat="48.854676" lon="2.455445"><ele>98.0</ele></trkpt>
      <trkpt lat="48.854635" lon="2.455341"><ele>97.4</ele></trkpt>
      <trkpt lat="48.854595" lon="2.455236"><ele>96.8</ele></trkpt>
      <trkpt lat="48.854555" lon="2.455132"><ele>96.2</ele></trkpt>
      <trkpt lat="48.854515" lon="2.455028"><ele>95.7</ele></trkpt>
      <trkpt lat="48.854476" lon="2.454920"><ele>95.1</ele></trkpt>
      <trkpt lat="48.854438" lon="2.454811"><ele>94.5</ele></trkpt>
      <trkpt lat="48.854399" lon="2.454703"><ele>93.9</ele></trkpt>
      <trkpt lat="48.854360" lon="2.454595"><ele>93.5</ele></trkpt>
      <trkpt lat="48.854322" lon="2.454487"><ele>93.2</ele></trkpt>
      <trkpt lat="48.854305" lon="2.454438"><ele>93.2</ele></trkpt>
      <trkpt lat="48.854275" lon="2.454352"><ele>92.8</ele></trkpt>
      <trkpt lat="48.854246" lon="2.454267"><ele>92.6</ele></trkpt>
      <trkpt lat="48.854216" lon="2.454182"><ele>92.4</ele></trkpt>
      <trkpt lat="48.854204" lon="2.454146"><ele>92.3</ele></trkpt>
      <trkpt lat="48.854179" lon="2.454075"><ele>92.2</ele></trkpt>
      <trkpt lat="48.854155" lon="2.454004"><ele>92.1</ele></trkpt>
      <trkpt lat="48.854144" lon="2.453976"><ele>92.1</ele></trkpt>
      <trkpt lat="48.854105" lon="2.453871"><ele>92.0</ele></trkpt>
      <trkpt lat="48.854065" lon="2.453765"><ele>91.7</ele></trkpt>
      <trkpt lat="48.854025" lon="2.453660"><ele>91.2</ele></trkpt>
      <trkpt lat="48.853985" lon="2.453554"><ele>90.6</ele></trkpt>
      <trkpt lat="48.853945" lon="2.453449"><ele>90.0</ele></trkpt>
      <trkpt lat="48.853906" lon="2.453343"><ele>89.4</ele></trkpt>
      <trkpt lat="48.853866" lon="2.453238"><ele>88.9</ele></trkpt>
      <trkpt lat="48.853850" lon="2.453196"><ele>88.6</ele></trkpt>
      <trkpt lat="48.853818" lon="2.453111"><ele>88.2</ele></trkpt>
      <trkpt lat="48.853818" lon="2.453111"><ele>88.1</ele></trkpt>
      <trkpt lat="48.853777" lon="2.453001"><ele>87.5</ele></trkpt>
      <trkpt lat="48.853736" lon="2.452892"><ele>87.1</ele></trkpt>
      <trkpt lat="48.853694" lon="2.452782"><ele>86.8</ele></trkpt>
      <trkpt lat="48.853653" lon="2.452672"><ele>86.5</ele></trkpt>
      <trkpt lat="48.853623" lon="2.452592"><ele>86.1</ele></trkpt>
      <trkpt lat="48.853594" lon="2.452513"><ele>85.8</ele></trkpt>
      <trkpt lat="48.853593" lon="2.452511"><ele>85.6</ele></trkpt>
      <trkpt lat="48.853570" lon="2.452444"><ele>85.2</ele></trkpt>
      <trkpt lat="48.853547" lon="2.452376"><ele>85.1</ele></trkpt>
      <trkpt lat="48.853505" lon="2.452268"><ele>84.2</ele></trkpt>
      <trkpt lat="48.853464" lon="2.452160"><ele>83.8</ele></trkpt>
      <trkpt lat="48.853463" lon="2.452159"><ele>83.6</ele></trkpt>
      <trkpt lat="48.853455" lon="2.452135"><ele>83.5</ele></trkpt>
      <trkpt lat="48.853442" lon="2.452095"><ele>83.3</ele></trkpt>
      <trkpt lat="48.853404" lon="2.451986"><ele>83.1</ele></trkpt>
      <trkpt lat="48.853366" lon="2.451877"><ele>82.8</ele></trkpt>
      <trkpt lat="48.853329" lon="2.451767"><ele>82.6</ele></trkpt>
      <trkpt lat="48.853291" lon="2.451658"><ele>82.4</ele></trkpt>
      <trkpt lat="48.853290" lon="2.451656"><ele>82.0</ele></trkpt>
      <trkpt lat="48.853259" lon="2.451575"><ele>81.7</ele></trkpt>
      <trkpt lat="48.853228" lon="2.451494"><ele>81.4</ele></trkpt>
      <trkpt lat="48.853196" lon="2.451412"><ele>81.2</ele></trkpt>
      <trkpt lat="48.853158" lon="2.451306"><ele>80.9</ele></trkpt>
      <trkpt lat="48.853158" lon="2.451306"><ele>80.8</ele></trkpt>
      <trkpt lat="48.853118" lon="2.451195"><ele>80.3</ele></trkpt>
      <trkpt lat="48.853078" lon="2.451083"><ele>79.8</ele></trkpt>
      <trkpt lat="48.853038" lon="2.450972"><ele>79.4</ele></trkpt>
      <trkpt lat="48.852998" lon="2.450860"><ele>79.0</ele></trkpt>
      <trkpt lat="48.852958" lon="2.450749"><ele>78.6</ele></trkpt>
      <trkpt lat="48.852919" lon="2.450637"><ele>78.4</ele></trkpt>
      <trkpt lat="48.852882" lon="2.450530"><ele>78.0</ele></trkpt>
      <trkpt lat="48.852846" lon="2.450422"><ele>77.8</ele></trkpt>
      <trkpt lat="48.852844" lon="2.450413"><ele>77.7</ele></trkpt>
      <trkpt lat="48.852812" lon="2.450301"><ele>77.4</ele></trkpt>
      <trkpt lat="48.852780" lon="2.450189"><ele>77.3</ele></trkpt>
      <trkpt lat="48.852778" lon="2.450173"><ele>77.2</ele></trkpt>
      <trkpt lat="48.852762" lon="2.450058"><ele>77.0</ele></trkpt>
      <trkpt lat="48.852747" lon="2.449943"><ele>76.9</ele></trkpt>
      <trkpt lat="48.852739" lon="2.449813"><ele>76.7</ele></trkpt>
      <trkpt lat="48.852732" lon="2.449683"><ele>76.6</ele></trkpt>
      <trkpt lat="48.852725" lon="2.449553"><ele>76.4</ele></trkpt>
      <trkpt lat="48.852717" lon="2.449422"><ele>76.2</ele></trkpt>
      <trkpt lat="48.852713" lon="2.449353"><ele>76.1</ele></trkpt>
      <trkpt lat="48.852713" lon="2.449349"><ele>76.0</ele></trkpt>
      <trkpt lat="48.852719" lon="2.449239"><ele>75.6</ele></trkpt>
      <trkpt lat="48.852724" lon="2.449128"><ele>75.5</ele></trkpt>
      <trkpt lat="48.852788" lon="2.449044"><ele>75.3</ele></trkpt>
      <trkpt lat="48.852851" lon="2.448959"><ele>75.3</ele></trkpt>
      <trkpt lat="48.852853" lon="2.448957"><ele>75.2</ele></trkpt>
      <trkpt lat="48.852877" lon="2.448923"><ele>75.1</ele></trkpt>
      <trkpt lat="48.852886" lon="2.448912"><ele>75.1</ele></trkpt>
      <trkpt lat="48.852898" lon="2.448896"><ele>75.0</ele></trkpt>
      <trkpt lat="48.852951" lon="2.448830"><ele>75.0</ele></trkpt>
      <trkpt lat="48.853003" lon="2.448764"><ele>74.9</ele></trkpt>
      <trkpt lat="48.853056" lon="2.448698"><ele>74.8</ele></trkpt>
      <trkpt lat="48.853095" lon="2.448650"><ele>74.7</ele></trkpt>
      <trkpt lat="48.853134" lon="2.448602"><ele>74.6</ele></trkpt>
      <trkpt lat="48.853160" lon="2.448576"><ele>74.5</ele></trkpt>
      <trkpt lat="48.853171" lon="2.448564"><ele>74.4</ele></trkpt>
      <trkpt lat="48.853174" lon="2.448561"><ele>74.2</ele></trkpt>
      <trkpt lat="48.853224" lon="2.448515"><ele>74.2</ele></trkpt>
      <trkpt lat="48.853282" lon="2.448463"><ele>73.9</ele></trkpt>
      <trkpt lat="48.853283" lon="2.448462"><ele>73.9</ele></trkpt>
      <trkpt lat="48.853296" lon="2.448449"><ele>73.6</ele></trkpt>
      <trkpt lat="48.853336" lon="2.448409"><ele>73.4</ele></trkpt>
      <trkpt lat="48.853381" lon="2.448364"><ele>73.1</ele></trkpt>
      <trkpt lat="48.853427" lon="2.448319"><ele>72.8</ele></trkpt>
      <trkpt lat="48.853499" lon="2.448247"><ele>72.4</ele></trkpt>
      <trkpt lat="48.853571" lon="2.448176"><ele>72.0</ele></trkpt>
      <trkpt lat="48.853643" lon="2.448104"><ele>71.6</ele></trkpt>
      <trkpt lat="48.853714" lon="2.448033"><ele>71.2</ele></trkpt>
      <trkpt lat="48.853786" lon="2.447961"><ele>70.9</ele></trkpt>
      <trkpt lat="48.853858" lon="2.447890"><ele>70.6</ele></trkpt>
      <trkpt lat="48.853930" lon="2.447818"><ele>70.2</ele></trkpt>
      <trkpt lat="48.854001" lon="2.447747"><ele>69.9</ele></trkpt>
      <trkpt lat="48.854073" lon="2.447676"><ele>69.6</ele></trkpt>
      <trkpt lat="48.854145" lon="2.447604"><ele>69.4</ele></trkpt>
      <trkpt lat="48.854217" lon="2.447533"><ele>69.1</ele></trkpt>
      <trkpt lat="48.854288" lon="2.447461"><ele>68.9</ele></trkpt>
      <trkpt lat="48.854360" lon="2.447390"><ele>68.7</ele></trkpt>
      <trkpt lat="48.854432" lon="2.447318"><ele>68.5</ele></trkpt>
      <trkpt lat="48.854432" lon="2.447318"><ele>68.4</ele></trkpt>
      <trkpt lat="48.854482" lon="2.447270"><ele>68.4</ele></trkpt>
      <trkpt lat="48.854545" lon="2.447200"><ele>68.2</ele></trkpt>
      <trkpt lat="48.854545" lon="2.447199"><ele>68.1</ele></trkpt>
      <trkpt lat="48.854617" lon="2.447127"><ele>68.0</ele></trkpt>
      <trkpt lat="48.854688" lon="2.447054"><ele>67.9</ele></trkpt>
      <trkpt lat="48.854759" lon="2.446982"><ele>67.8</ele></trkpt>
      <trkpt lat="48.854831" lon="2.446909"><ele>67.7</ele></trkpt>
      <trkpt lat="48.854902" lon="2.446836"><ele>67.6</ele></trkpt>
      <trkpt lat="48.854973" lon="2.446764"><ele>67.6</ele></trkpt>
      <trkpt lat="48.854976" lon="2.446761"><ele>67.5</ele></trkpt>
      <trkpt lat="48.855046" lon="2.446690"><ele>67.5</ele></trkpt>
      <trkpt lat="48.855115" lon="2.446619"><ele>67.5</ele></trkpt>
      <trkpt lat="48.855184" lon="2.446549"><ele>67.5</ele></trkpt>
      <trkpt lat="48.855254" lon="2.446478"><ele>67.5</ele></trkpt>
      <trkpt lat="48.855323" lon="2.446408"><ele>67.5</ele></trkpt>
      <trkpt lat="48.855392" lon="2.446337"><ele>67.5</ele></trkpt>
      <trkpt lat="48.855462" lon="2.446267"><ele>67.4</ele></trkpt>
      <trkpt lat="48.855531" lon="2.446196"><ele>67.4</ele></trkpt>
      <trkpt lat="48.855539" lon="2.446188"><ele>67.4</ele></trkpt>
      <trkpt lat="48.855613" lon="2.446112"><ele>67.2</ele></trkpt>
      <trkpt lat="48.855687" lon="2.446037"><ele>67.1</ele></trkpt>
      <trkpt lat="48.855761" lon="2.445962"><ele>66.9</ele></trkpt>
      <trkpt lat="48.855835" lon="2.445887"><ele>66.8</ele></trkpt>
      <trkpt lat="48.855909" lon="2.445811"><ele>66.7</ele></trkpt>
      <trkpt lat="48.855983" lon="2.445736"><ele>66.5</ele></trkpt>
      <trkpt lat="48.856057" lon="2.445661"><ele>66.4</ele></trkpt>
      <trkpt lat="48.856081" lon="2.445637"><ele>66.4</ele></trkpt>
      <trkpt lat="48.856095" lon="2.445622"><ele>66.3</ele></trkpt>
      <trkpt lat="48.856104" lon="2.445606"><ele>66.3</ele></trkpt>
      <trkpt lat="48.856144" lon="2.445532"><ele>66.2</ele></trkpt>
      <trkpt lat="48.856184" lon="2.445459"><ele>66.2</ele></trkpt>
      <trkpt lat="48.856232" lon="2.445357"><ele>66.0</ele></trkpt>
      <trkpt lat="48.856272" lon="2.445275"><ele>65.9</ele></trkpt>
      <trkpt lat="48.856311" lon="2.445194"><ele>65.9</ele></trkpt>
      <trkpt lat="48.856356" lon="2.445101"><ele>65.8</ele></trkpt>
      <trkpt lat="48.856372" lon="2.445060"><ele>65.8</ele></trkpt>
      <trkpt lat="48.856377" lon="2.445034"><ele>65.8</ele></trkpt>
      <trkpt lat="48.856378" lon="2.445026"><ele>65.8</ele></trkpt>
      <trkpt lat="48.856396" lon="2.444952"><ele>65.7</ele></trkpt>
      <trkpt lat="48.856413" lon="2.444879"><ele>65.7</ele></trkpt>
      <trkpt lat="48.856433" lon="2.444760"><ele>65.5</ele></trkpt>
      <trkpt lat="48.856433" lon="2.444758"><ele>65.5</ele></trkpt>
      <trkpt lat="48.856451" lon="2.444669"><ele>65.5</ele></trkpt>
      <trkpt lat="48.856468" lon="2.444579"><ele>65.4</ele></trkpt>
      <trkpt lat="48.856497" lon="2.444469"><ele>65.4</ele></trkpt>
      <trkpt lat="48.856526" lon="2.444359"><ele>65.4</ele></trkpt>
      <trkpt lat="48.856541" lon="2.444294"><ele>65.5</ele></trkpt>
      <trkpt lat="48.856556" lon="2.444229"><ele>65.5</ele></trkpt>
      <trkpt lat="48.856556" lon="2.444229"><ele>65.5</ele></trkpt>
      <trkpt lat="48.856561" lon="2.444204"><ele>65.5</ele></trkpt>
      <trkpt lat="48.856571" lon="2.444155"><ele>65.5</ele></trkpt>
      <trkpt lat="48.856599" lon="2.444029"><ele>65.5</ele></trkpt>
      <trkpt lat="48.856627" lon="2.443903"><ele>65.5</ele></trkpt>
      <trkpt lat="48.856654" lon="2.443777"><ele>65.5</ele></trkpt>
      <trkpt lat="48.856682" lon="2.443651"><ele>65.5</ele></trkpt>
      <trkpt lat="48.856710" lon="2.443525"><ele>65.5</ele></trkpt>
      <trkpt lat="48.856738" lon="2.443400"><ele>65.4</ele></trkpt>
      <trkpt lat="48.856738" lon="2.443399"><ele>65.4</ele></trkpt>
      <trkpt lat="48.856762" lon="2.443281"><ele>65.3</ele></trkpt>
      <trkpt lat="48.856787" lon="2.443163"><ele>65.1</ele></trkpt>
      <trkpt lat="48.856812" lon="2.443045"><ele>65.0</ele></trkpt>
      <trkpt lat="48.856826" lon="2.442970"><ele>64.8</ele></trkpt>
      <trkpt lat="48.856840" lon="2.442895"><ele>64.7</ele></trkpt>
      <trkpt lat="48.856840" lon="2.442895"><ele>64.6</ele></trkpt>
      <trkpt lat="48.856865" lon="2.442773"><ele>64.6</ele></trkpt>
      <trkpt lat="48.856891" lon="2.442651"><ele>64.5</ele></trkpt>
      <trkpt lat="48.856916" lon="2.442530"><ele>64.3</ele></trkpt>
      <trkpt lat="48.856941" lon="2.442408"><ele>64.1</ele></trkpt>
      <trkpt lat="48.856967" lon="2.442287"><ele>64.0</ele></trkpt>
      <trkpt lat="48.856992" lon="2.442165"><ele>63.9</ele></trkpt>
      <trkpt lat="48.857017" lon="2.442043"><ele>63.9</ele></trkpt>
      <trkpt lat="48.857042" lon="2.441922"><ele>63.8</ele></trkpt>
      <trkpt lat="48.857068" lon="2.441800"><ele>63.7</ele></trkpt>
      <trkpt lat="48.857093" lon="2.441679"><ele>63.5</ele></trkpt>
      <trkpt lat="48.857118" lon="2.441557"><ele>63.3</ele></trkpt>
      <trkpt lat="48.857144" lon="2.441435"><ele>63.1</ele></trkpt>
      <trkpt lat="48.857169" lon="2.441314"><ele>62.9</ele></trkpt>
      <trkpt lat="48.857169" lon="2.441313"><ele>62.8</ele></trkpt>
      <trkpt lat="48.857185" lon="2.441242"><ele>62.8</ele></trkpt>
      <trkpt lat="48.857202" lon="2.441170"><ele>62.7</ele></trkpt>
      <trkpt lat="48.857218" lon="2.441091"><ele>62.6</ele></trkpt>
      <trkpt lat="48.857233" lon="2.441012"><ele>62.6</ele></trkpt>
      <trkpt lat="48.857233" lon="2.441012"><ele>62.5</ele></trkpt>
      <trkpt lat="48.857254" lon="2.440909"><ele>62.5</ele></trkpt>
      <trkpt lat="48.857275" lon="2.440807"><ele>62.4</ele></trkpt>
      <trkpt lat="48.857296" lon="2.440701"><ele>62.3</ele></trkpt>
      <trkpt lat="48.857317" lon="2.440595"><ele>62.3</ele></trkpt>
      <trkpt lat="48.857338" lon="2.440490"><ele>62.3</ele></trkpt>
      <trkpt lat="48.857359" lon="2.440384"><ele>62.3</ele></trkpt>
      <trkpt lat="48.857380" lon="2.440278"><ele>62.3</ele></trkpt>
      <trkpt lat="48.857387" lon="2.440252"><ele>62.3</ele></trkpt>
      <trkpt lat="48.857387" lon="2.440251"><ele>62.4</ele></trkpt>
      <trkpt lat="48.857407" lon="2.440162"><ele>62.4</ele></trkpt>
      <trkpt lat="48.857426" lon="2.440073"><ele>62.5</ele></trkpt>
      <trkpt lat="48.857441" lon="2.440007"><ele>62.6</ele></trkpt>
      <trkpt lat="48.857455" lon="2.439940"><ele>62.7</ele></trkpt>
      <trkpt lat="48.857455" lon="2.439940"><ele>62.7</ele></trkpt>
      <trkpt lat="48.857461" lon="2.439913"><ele>62.8</ele></trkpt>
      <trkpt lat="48.857485" lon="2.439798"><ele>63.0</ele></trkpt>
      <trkpt lat="48.857510" lon="2.439682"><ele>63.2</ele></trkpt>
      <trkpt lat="48.857534" lon="2.439567"><ele>63.5</ele></trkpt>
      <trkpt lat="48.857559" lon="2.439452"><ele>63.9</ele></trkpt>
      <trkpt lat="48.857583" lon="2.439336"><ele>64.3</ele></trkpt>
      <trkpt lat="48.857608" lon="2.439221"><ele>64.7</ele></trkpt>
      <trkpt lat="48.857633" lon="2.439103"><ele>65.0</ele></trkpt>
      <trkpt lat="48.857658" lon="2.438985"><ele>65.5</ele></trkpt>
      <trkpt lat="48.857683" lon="2.438867"><ele>66.0</ele></trkpt>
      <trkpt lat="48.857709" lon="2.438749"><ele>66.6</ele></trkpt>
      <trkpt lat="48.857734" lon="2.438631"><ele>67.0</ele></trkpt>
      <trkpt lat="48.857734" lon="2.438631"><ele>67.2</ele></trkpt>
      <trkpt lat="48.857752" lon="2.438543"><ele>67.5</ele></trkpt>
      <trkpt lat="48.857769" lon="2.438456"><ele>67.8</ele></trkpt>
      <trkpt lat="48.857779" lon="2.438355"><ele>68.3</ele></trkpt>
      <trkpt lat="48.857788" lon="2.438255"><ele>68.5</ele></trkpt>
      <trkpt lat="48.857789" lon="2.438250"><ele>68.9</ele></trkpt>
      <trkpt lat="48.857820" lon="2.438125"><ele>69.1</ele></trkpt>
      <trkpt lat="48.857850" lon="2.438001"><ele>69.5</ele></trkpt>
      <trkpt lat="48.857881" lon="2.437876"><ele>69.8</ele></trkpt>
      <trkpt lat="48.857912" lon="2.437751"><ele>70.0</ele></trkpt>
      <trkpt lat="48.857943" lon="2.437627"><ele>70.2</ele></trkpt>
      <trkpt lat="48.857973" lon="2.437502"><ele>70.3</ele></trkpt>
      <trkpt lat="48.857980" lon="2.437475"><ele>70.4</ele></trkpt>
      <trkpt lat="48.857980" lon="2.437474"><ele>70.5</ele></trkpt>
      <trkpt lat="48.857987" lon="2.437442"><ele>70.5</ele></trkpt>
      <trkpt lat="48.858010" lon="2.437340"><ele>70.5</ele></trkpt>
      <trkpt lat="48.858033" lon="2.437240"><ele>70.5</ele></trkpt>
      <trkpt lat="48.858035" lon="2.437237"><ele>70.5</ele></trkpt>
      <trkpt lat="48.858040" lon="2.437215"><ele>70.7</ele></trkpt>
      <trkpt lat="48.858045" lon="2.437192"><ele>70.7</ele></trkpt>
      <trkpt lat="48.858049" lon="2.437177"><ele>70.7</ele></trkpt>
      <trkpt lat="48.858049" lon="2.437177"><ele>70.7</ele></trkpt>
      <trkpt lat="48.858054" lon="2.437152"><ele>70.7</ele></trkpt>
      <trkpt lat="48.858054" lon="2.437152"><ele>70.7</ele></trkpt>
      <trkpt lat="48.858062" lon="2.437120"><ele>70.8</ele></trkpt>
      <trkpt lat="48.858079" lon="2.437044"><ele>70.8</ele></trkpt>
      <trkpt lat="48.858096" lon="2.436968"><ele>70.9</ele></trkpt>
      <trkpt lat="48.858107" lon="2.436857"><ele>71.0</ele></trkpt>
      <trkpt lat="48.858116" lon="2.436757"><ele>71.0</ele></trkpt>
      <trkpt lat="48.858140" lon="2.436665"><ele>71.1</ele></trkpt>
      <trkpt lat="48.858125" lon="2.436548"><ele>71.2</ele></trkpt>
      <trkpt lat="48.858110" lon="2.436431"><ele>71.3</ele></trkpt>
      <trkpt lat="48.858097" lon="2.436317"><ele>71.4</ele></trkpt>
      <trkpt lat="48.858095" lon="2.436299"><ele>71.4</ele></trkpt>
      <trkpt lat="48.858095" lon="2.436298"><ele>71.5</ele></trkpt>
      <trkpt lat="48.858138" lon="2.436283"><ele>71.5</ele></trkpt>
      <trkpt lat="48.858138" lon="2.436283"><ele>71.5</ele></trkpt>
      <trkpt lat="48.858135" lon="2.436264"><ele>71.5</ele></trkpt>
      <trkpt lat="48.858135" lon="2.436264"><ele>71.6</ele></trkpt>
      <trkpt lat="48.858119" lon="2.436154"><ele>71.7</ele></trkpt>
      <trkpt lat="48.858103" lon="2.436043"><ele>71.8</ele></trkpt>
      <trkpt lat="48.858087" lon="2.435933"><ele>71.8</ele></trkpt>
      <trkpt lat="48.858072" lon="2.435822"><ele>71.9</ele></trkpt>
      <trkpt lat="48.858072" lon="2.435822"><ele>71.9</ele></trkpt>
      <trkpt lat="48.858070" lon="2.435805"><ele>71.9</ele></trkpt>
      <trkpt lat="48.858054" lon="2.435700"><ele>71.9</ele></trkpt>
      <trkpt lat="48.858086" lon="2.435676"><ele>71.9</ele></trkpt>
      <trkpt lat="48.858097" lon="2.435672"><ele>72.0</ele></trkpt>
      <trkpt lat="48.858135" lon="2.435649"><ele>72.0</ele></trkpt>
      <trkpt lat="48.858165" lon="2.435620"><ele>72.0</ele></trkpt>
      <trkpt lat="48.858171" lon="2.435609"><ele>72.1</ele></trkpt>
      <trkpt lat="48.858189" lon="2.435580"><ele>72.1</ele></trkpt>
      <trkpt lat="48.858201" lon="2.435520"><ele>72.1</ele></trkpt>
      <trkpt lat="48.858214" lon="2.435451"><ele>72.2</ele></trkpt>
      <trkpt lat="48.858227" lon="2.435382"><ele>72.2</ele></trkpt>
      <trkpt lat="48.858239" lon="2.435283"><ele>72.3</ele></trkpt>
      <trkpt lat="48.858252" lon="2.435183"><ele>72.3</ele></trkpt>
      <trkpt lat="48.858264" lon="2.435083"><ele>72.3</ele></trkpt>
      <trkpt lat="48.858277" lon="2.434964"><ele>72.6</ele></trkpt>
      <trkpt lat="48.858290" lon="2.434846"><ele>72.7</ele></trkpt>
      <trkpt lat="48.858290" lon="2.434846"><ele>72.8</ele></trkpt>
      <trkpt lat="48.858306" lon="2.434711"><ele>73.2</ele></trkpt>
      <trkpt lat="48.858321" lon="2.434577"><ele>73.5</ele></trkpt>
      <trkpt lat="48.858336" lon="2.434443"><ele>73.7</ele></trkpt>
      <trkpt lat="48.858336" lon="2.434442"><ele>73.9</ele></trkpt>
      <trkpt lat="48.858345" lon="2.434352"><ele>73.9</ele></trkpt>
      <trkpt lat="48.858355" lon="2.434262"><ele>74.0</ele></trkpt>
      <trkpt lat="48.858365" lon="2.434172"><ele>74.0</ele></trkpt>
      <trkpt lat="48.858374" lon="2.434083"><ele>74.0</ele></trkpt>
      <trkpt lat="48.858383" lon="2.433988"><ele>73.9</ele></trkpt>
      <trkpt lat="48.858383" lon="2.433988"><ele>73.9</ele></trkpt>
      <trkpt lat="48.858391" lon="2.433898"><ele>73.8</ele></trkpt>
      <trkpt lat="48.858399" lon="2.433808"><ele>73.7</ele></trkpt>
      <trkpt lat="48.858407" lon="2.433702"><ele>73.5</ele></trkpt>
      <trkpt lat="48.858407" lon="2.433702"><ele>73.5</ele></trkpt>
      <trkpt lat="48.858413" lon="2.433584"><ele>73.3</ele></trkpt>
      <trkpt lat="48.858421" lon="2.433476"><ele>73.2</ele></trkpt>
      <trkpt lat="48.858430" lon="2.433343"><ele>73.1</ele></trkpt>
      <trkpt lat="48.858430" lon="2.433343"><ele>73.0</ele></trkpt>
      <trkpt lat="48.858436" lon="2.433228"><ele>72.7</ele></trkpt>
      <trkpt lat="48.858442" lon="2.433113"><ele>72.4</ele></trkpt>
      <trkpt lat="48.858448" lon="2.432997"><ele>72.2</ele></trkpt>
      <trkpt lat="48.858455" lon="2.432882"><ele>72.0</ele></trkpt>
      <trkpt lat="48.858460" lon="2.432758"><ele>71.8</ele></trkpt>
      <trkpt lat="48.858466" lon="2.432634"><ele>71.7</ele></trkpt>
      <trkpt lat="48.858471" lon="2.432510"><ele>71.7</ele></trkpt>
      <trkpt lat="48.858477" lon="2.432386"><ele>71.7</ele></trkpt>
      <trkpt lat="48.858482" lon="2.432262"><ele>71.8</ele></trkpt>
      <trkpt lat="48.858488" lon="2.432138"><ele>71.9</ele></trkpt>
      <trkpt lat="48.858493" lon="2.432014"><ele>72.0</ele></trkpt>
      <trkpt lat="48.858460" lon="2.431973"><ele>72.0</ele></trkpt>
      <trkpt lat="48.858439" lon="2.431948"><ele>72.0</ele></trkpt>
      <trkpt lat="48.858433" lon="2.431940"><ele>72.0</ele></trkpt>
      <trkpt lat="48.858414" lon="2.431913"><ele>71.9</ele></trkpt>
      <trkpt lat="48.858404" lon="2.431894"><ele>71.9</ele></trkpt>
      <trkpt lat="48.858393" lon="2.431869"><ele>71.9</ele></trkpt>
      <trkpt lat="48.858379" lon="2.431799"><ele>71.9</ele></trkpt>
      <trkpt lat="48.858371" lon="2.431757"><ele>71.9</ele></trkpt>
      <trkpt lat="48.858370" lon="2.431751"><ele>71.8</ele></trkpt>
      <trkpt lat="48.858354" lon="2.431681"><ele>71.7</ele></trkpt>
      <trkpt lat="48.858340" lon="2.431610"><ele>71.7</ele></trkpt>
      <trkpt lat="48.858340" lon="2.431610"><ele>71.7</ele></trkpt>
      <trkpt lat="48.858315" lon="2.431484"><ele>71.4</ele></trkpt>
      <trkpt lat="48.858290" lon="2.431358"><ele>71.1</ele></trkpt>
      <trkpt lat="48.858266" lon="2.431232"><ele>70.9</ele></trkpt>
      <trkpt lat="48.858241" lon="2.431107"><ele>70.7</ele></trkpt>
      <trkpt lat="48.858216" lon="2.430981"><ele>70.7</ele></trkpt>
      <trkpt lat="48.858191" lon="2.430855"><ele>70.7</ele></trkpt>
      <trkpt lat="48.858167" lon="2.430730"><ele>70.9</ele></trkpt>
      <trkpt lat="48.858142" lon="2.430604"><ele>71.2</ele></trkpt>
      <trkpt lat="48.858117" lon="2.430478"><ele>71.4</ele></trkpt>
      <trkpt lat="48.858092" lon="2.430353"><ele>71.7</ele></trkpt>
      <trkpt lat="48.858068" lon="2.430227"><ele>71.8</ele></trkpt>
      <trkpt lat="48.858043" lon="2.430101"><ele>71.8</ele></trkpt>
      <trkpt lat="48.858018" lon="2.429975"><ele>71.8</ele></trkpt>
      <trkpt lat="48.858017" lon="2.429970"><ele>71.7</ele></trkpt>
      <trkpt lat="48.857997" lon="2.429869"><ele>71.6</ele></trkpt>
      <trkpt lat="48.857977" lon="2.429768"><ele>71.5</ele></trkpt>
      <trkpt lat="48.857976" lon="2.429762"><ele>71.4</ele></trkpt>
      <trkpt lat="48.857952" lon="2.429638"><ele>71.1</ele></trkpt>
      <trkpt lat="48.857927" lon="2.429514"><ele>70.9</ele></trkpt>
      <trkpt lat="48.857903" lon="2.429390"><ele>70.7</ele></trkpt>
      <trkpt lat="48.857878" lon="2.429266"><ele>70.5</ele></trkpt>
      <trkpt lat="48.857854" lon="2.429141"><ele>70.3</ele></trkpt>
      <trkpt lat="48.857829" lon="2.429017"><ele>70.0</ele></trkpt>
      <trkpt lat="48.857805" lon="2.428893"><ele>69.9</ele></trkpt>
      <trkpt lat="48.857803" lon="2.428884"><ele>69.8</ele></trkpt>
      <trkpt lat="48.857780" lon="2.428769"><ele>69.7</ele></trkpt>
      <trkpt lat="48.857758" lon="2.428655"><ele>69.6</ele></trkpt>
      <trkpt lat="48.857756" lon="2.428645"><ele>69.5</ele></trkpt>
      <trkpt lat="48.857737" lon="2.428548"><ele>69.5</ele></trkpt>
      <trkpt lat="48.857718" lon="2.428451"><ele>69.5</ele></trkpt>
      <trkpt lat="48.857699" lon="2.428354"><ele>69.5</ele></trkpt>
      <trkpt lat="48.857689" lon="2.428246"><ele>69.5</ele></trkpt>
      <trkpt lat="48.857680" lon="2.428137"><ele>69.5</ele></trkpt>
      <trkpt lat="48.857670" lon="2.428028"><ele>69.6</ele></trkpt>
      <trkpt lat="48.857661" lon="2.427920"><ele>69.6</ele></trkpt>
      <trkpt lat="48.857661" lon="2.427916"><ele>69.7</ele></trkpt>
      <trkpt lat="48.857653" lon="2.427824"><ele>69.7</ele></trkpt>
      <trkpt lat="48.857645" lon="2.427731"><ele>69.7</ele></trkpt>
      <trkpt lat="48.857637" lon="2.427639"><ele>69.7</ele></trkpt>
      <trkpt lat="48.857604" lon="2.427548"><ele>69.6</ele></trkpt>
      <trkpt lat="48.857594" lon="2.427413"><ele>69.4</ele></trkpt>
      <trkpt lat="48.857583" lon="2.427278"><ele>69.2</ele></trkpt>
      <trkpt lat="48.857573" lon="2.427143"><ele>69.1</ele></trkpt>
      <trkpt lat="48.857573" lon="2.427136"><ele>69.0</ele></trkpt>
      <trkpt lat="48.857563" lon="2.427016"><ele>68.9</ele></trkpt>
      <trkpt lat="48.857554" lon="2.426896"><ele>68.7</ele></trkpt>
      <trkpt lat="48.857545" lon="2.426777"><ele>68.6</ele></trkpt>
      <trkpt lat="48.857536" lon="2.426657"><ele>68.5</ele></trkpt>
      <trkpt lat="48.857527" lon="2.426537"><ele>68.4</ele></trkpt>
      <trkpt lat="48.857518" lon="2.426417"><ele>68.2</ele></trkpt>
      <trkpt lat="48.857506" lon="2.426283"><ele>67.9</ele></trkpt>
      <trkpt lat="48.857495" lon="2.426149"><ele>67.7</ele></trkpt>
      <trkpt lat="48.857483" lon="2.426014"><ele>67.4</ele></trkpt>
      <trkpt lat="48.857472" lon="2.425880"><ele>67.1</ele></trkpt>
      <trkpt lat="48.857460" lon="2.425746"><ele>66.8</ele></trkpt>
      <trkpt lat="48.857449" lon="2.425611"><ele>66.6</ele></trkpt>
      <trkpt lat="48.857437" lon="2.425477"><ele>66.4</ele></trkpt>
      <trkpt lat="48.857426" lon="2.425343"><ele>66.3</ele></trkpt>
      <trkpt lat="48.857423" lon="2.425309"><ele>66.3</ele></trkpt>
      <trkpt lat="48.857413" lon="2.425183"><ele>66.3</ele></trkpt>
      <trkpt lat="48.857403" lon="2.425057"><ele>66.4</ele></trkpt>
      <trkpt lat="48.857393" lon="2.424931"><ele>66.5</ele></trkpt>
      <trkpt lat="48.857383" lon="2.424805"><ele>66.8</ele></trkpt>
      <trkpt lat="48.857373" lon="2.424680"><ele>67.1</ele></trkpt>
      <trkpt lat="48.857363" lon="2.424554"><ele>67.3</ele></trkpt>
      <trkpt lat="48.857353" lon="2.424428"><ele>67.5</ele></trkpt>
      <trkpt lat="48.857343" lon="2.424302"><ele>67.5</ele></trkpt>
      <trkpt lat="48.857334" lon="2.424176"><ele>67.4</ele></trkpt>
      <trkpt lat="48.857324" lon="2.424050"><ele>67.2</ele></trkpt>
      <trkpt lat="48.857314" lon="2.423924"><ele>66.9</ele></trkpt>
      <trkpt lat="48.857302" lon="2.423804"><ele>66.6</ele></trkpt>
      <trkpt lat="48.857289" lon="2.423685"><ele>66.4</ele></trkpt>
      <trkpt lat="48.857277" lon="2.423565"><ele>66.1</ele></trkpt>
      <trkpt lat="48.857265" lon="2.423445"><ele>65.9</ele></trkpt>
      <trkpt lat="48.857258" lon="2.423383"><ele>65.6</ele></trkpt>
      <trkpt lat="48.857224" lon="2.423288"><ele>65.5</ele></trkpt>
      <trkpt lat="48.857190" lon="2.423193"><ele>65.3</ele></trkpt>
      <trkpt lat="48.857176" lon="2.423137"><ele>65.2</ele></trkpt>
      <trkpt lat="48.857102" lon="2.423011"><ele>64.7</ele></trkpt>
      <trkpt lat="48.857050" lon="2.422950"><ele>64.4</ele></trkpt>
      <trkpt lat="48.856992" lon="2.422852"><ele>64.2</ele></trkpt>
      <trkpt lat="48.856934" lon="2.422755"><ele>63.9</ele></trkpt>
      <trkpt lat="48.856876" lon="2.422657"><ele>63.8</ele></trkpt>
      <trkpt lat="48.856818" lon="2.422560"><ele>63.7</ele></trkpt>
      <trkpt lat="48.856854" lon="2.422504"><ele>63.7</ele></trkpt>
      <trkpt lat="48.856841" lon="2.422531"><ele>63.7</ele></trkpt>
    </trkseg>
  </trk>
</gpx>
